fibro_typename,theta,seed,orientation_10,major_axis_10,minor_axis_10,orientation_20,major_axis_20,minor_axis_20,orientation_30,major_axis_30,minor_axis_30,orientation_40,major_axis_40,minor_axis_40,orientation_50,major_axis_50,minor_axis_50,orientation_60,major_axis_60,minor_axis_60,orientation_70,major_axis_70,minor_axis_70,orientation_80,major_axis_80,minor_axis_80,orientation_90,major_axis_90,minor_axis_90
compact,0.15708,1,90.000000,5.437704,4.274870,-56.309932,7.220572,6.841565,-63.434949,9.099367,8.815919,-85.692176,11.378303,10.295246,-84.697495,13.396735,12.473264,-87.460196,16.312247,14.539191,-84.959701,20.368160,17.258495,-85.597765,34.112066,19.109247,-85.147641,72.399694,26.289461
compact,0.15708,2,90.000000,5.437704,4.274870,-71.565051,7.023769,6.690697,-79.572771,9.486634,8.100592,90.000000,11.612518,9.620381,-81.631849,13.600297,11.501007,-85.922977,15.837951,13.666049,-85.486999,19.503943,15.738720,-84.374969,26.644477,18.789532,-84.920444,56.479545,23.610676
compact,0.15708,3,-63.434949,5.189733,4.033196,-83.244244,7.133973,6.258122,-74.810437,9.645563,7.343071,-81.650378,11.051149,9.440941,-87.789969,12.936498,11.102372,-81.706331,15.203264,13.053426,-83.637822,17.971062,15.446735,-84.005064,24.585084,17.731787,-85.721303,51.294437,21.400883
compact,0.15708,4,90.000000,5.437704,4.274870,-69.459802,7.646677,6.188195,90.000000,9.893215,7.740129,-84.435405,11.620846,9.393315,-80.126582,13.522966,11.276409,-81.250726,15.960942,13.083531,-82.112664,19.222003,15.026579,-85.355043,24.439636,18.038905,-86.193213,51.387643,22.879367
compact,0.15708,5,-63.434949,5.474022,4.641536,-75.127559,8.014705,6.734835,-80.968814,10.673459,8.285978,-80.259997,13.392147,9.595596,-80.942966,15.731564,11.495613,-78.294993,18.703915,13.498554,-79.773134,22.889933,16.097924,-84.268887,32.663872,18.699999,-83.586196,66.441379,24.536283
compact,0.15708,6,-78.801201,5.401104,4.512088,-56.309932,7.503845,6.755814,90.000000,9.484130,8.839306,-86.969106,12.066610,10.397842,-85.971169,14.809827,11.970991,90.000000,17.339447,14.402991,-87.175133,21.782536,16.963861,-85.168212,33.902637,18.982401,-84.481583,69.024498,26.945777
compact,0.15708,7,90.000000,5.437704,4.274870,-62.918826,7.676906,6.303315,-88.681450,10.605862,7.569673,-84.907983,12.284228,9.551803,-81.728508,14.407641,11.310921,90.000000,17.152688,13.190478,-86.841090,20.885312,15.421066,-85.995470,29.002086,18.279103,-87.651281,64.586382,23.595009
compact,0.15708,8,-80.782526,6.318475,4.544040,-88.539850,9.191484,6.529120,-76.013120,11.436550,8.561459,-83.396036,14.612725,9.975300,-81.327886,16.950469,12.191808,-80.051321,20.628556,14.218909,-82.246486,25.883393,16.738042,-84.334265,39.772905,18.721590,-84.296984,81.868898,25.715334
compact,0.15708,9,-78.801201,5.401104,4.512088,-56.309932,7.503845,6.755814,-87.948746,10.025788,8.543821,-80.614340,12.443214,10.075903,-85.792463,14.998010,11.812574,-79.342580,17.503198,14.195795,-87.616681,21.540977,16.901375,-87.153955,34.009676,18.882676,-85.294253,65.656749,25.861101
compact,0.15708,10,-78.801201,5.401104,4.512088,-70.206484,7.491907,6.957585,-86.437492,10.093894,8.374593,-78.655607,12.681212,9.875406,-86.166185,15.105842,11.538642,-83.171928,17.547848,13.795522,-85.271643,21.514640,16.352637,-84.565472,30.885204,19.096344,-85.013653,68.203898,25.174666
compact,0.15708,11,-75.598383,5.881756,4.616451,-84.413333,9.217557,6.278061,-80.327225,11.593706,8.040380,-84.594622,14.500923,9.316109,-83.717075,16.582343,11.352967,-80.767659,19.283673,13.335347,-83.632968,23.506342,15.485113,-83.203884,30.911452,18.675220,-84.599632,64.741587,23.643240
compact,0.15708,12,90.000000,5.437704,4.274870,-87.804960,8.400487,6.324436,90.000000,11.219946,7.448972,-86.392869,12.989439,9.394516,90.000000,14.938806,11.404172,-85.081555,17.396860,13.609009,-88.872079,21.446722,15.553880,-87.226108,30.034815,18.016533,-86.951019,64.061498,23.575437
compact,0.15708,13,90.000000,5.437704,4.274870,-60.562618,7.585301,6.534775,-87.587423,9.669591,8.327844,-88.154307,12.424506,9.424743,-81.728508,14.407641,11.310921,-81.624868,17.098277,13.254114,-81.867949,20.630919,15.630330,-82.626661,28.957149,17.980684,-85.101402,62.057153,23.353911
compact,0.15708,14,63.434949,5.474022,4.641536,87.086371,8.249272,6.708329,89.056389,10.983591,8.020070,90.000000,13.028330,9.800021,90.000000,15.494680,11.658254,90.000000,18.292776,13.648330,-87.260458,21.864341,16.447636,-86.467003,30.771729,19.556137,-86.622638,67.103909,26.693032
compact,0.15708,15,-63.434949,5.474022,4.641536,90.000000,7.882930,6.969321,-87.957192,10.917720,8.192816,-84.183183,13.005522,10.219378,-89.533081,15.239491,12.288187,-88.109716,18.565419,14.282910,-85.582906,23.250336,16.762273,-88.187429,36.296136,18.609970,-87.210784,72.211285,25.143920
compact,0.15708,16,90.000000,5.437704,4.274870,-62.918826,7.676906,6.303315,90.000000,10.383888,7.615056,90.000000,12.033038,9.513247,-80.868532,13.908244,11.439137,-87.083419,16.439907,13.167771,-88.588922,19.771576,15.447657,-85.638640,26.190652,18.410158,-86.377514,56.623410,22.586737
compact,0.15708,17,-78.801201,5.401104,4.512088,-74.086277,8.212114,6.279569,-87.227341,10.662959,7.921653,-79.940183,12.801609,9.561227,-81.778247,15.071669,11.405866,-79.820615,17.755133,13.470487,-79.832637,22.085773,15.578097,-82.732481,31.178695,18.431704,-84.783719,69.000995,22.743907
compact,0.15708,18,-77.126702,5.250617,4.217249,-71.565051,7.023769,6.690697,-61.367613,9.543430,7.999775,-84.435405,11.620846,9.393315,-83.701713,13.461905,11.520265,-86.838201,15.922678,13.433702,-86.516176,19.518976,15.516055,-83.632784,26.657047,18.354092,-85.814548,59.444835,23.142552
compact,0.15708,19,-77.126702,5.250617,4.217249,-83.244244,7.133973,6.258122,-85.695096,9.456251,7.709063,-81.527135,11.352178,9.285636,-88.136760,13.211255,11.056925,-84.669826,15.141159,13.280338,-84.366280,18.334838,15.350470,-89.223298,24.917361,18.025695,-86.211395,54.264675,22.801169
compact,0.15708,20,90.000000,5.597619,3.883727,-71.565051,7.120728,6.446852,-82.789613,9.841227,7.501537,-81.483938,11.504130,9.379242,-85.418826,13.334122,11.236973,-75.669848,15.605870,13.026493,-84.858251,18.755526,15.136168,-84.090160,24.479402,17.756997,-83.667054,48.260320,22.596725
compact,0.15708,21,63.434949,5.474022,4.641536,87.086371,8.249272,6.708329,87.957192,10.917720,8.192816,86.005337,13.108240,9.943858,89.579210,15.337089,12.044852,90.000000,18.720782,13.743203,89.288029,22.241631,16.844310,-89.031035,33.616612,19.138545,-87.947732,69.388652,26.298054
compact,0.15708,22,90.000000,5.437704,4.274870,-71.565051,7.120728,6.446852,-61.367613,9.543430,7.999775,90.000000,11.612518,9.620381,-83.701713,13.461905,11.520265,-81.516926,15.665180,13.649130,-84.454267,19.445313,15.724964,-84.629273,26.420321,18.665375,-85.427403,58.150773,23.855876
compact,0.15708,23,-63.434949,5.474022,4.641536,-84.996010,8.333114,6.518755,-86.269322,10.728209,8.229066,-81.135393,13.439954,9.452377,-87.557399,15.493009,11.484751,-83.547303,18.383877,13.519642,-83.162323,22.680974,15.687423,-83.332394,30.309392,19.245244,-85.900653,62.621299,25.855589
compact,0.15708,24,-63.434949,5.474022,4.641536,90.000000,7.584751,7.051495,-84.219935,10.542371,8.260841,-82.284916,13.034122,9.684932,-85.235940,15.194077,11.644851,-82.692905,17.728922,13.954020,-82.994558,21.560902,16.663315,-84.772816,32.330387,19.267633,-86.484897,69.067370,26.392062
compact,0.15708,25,-63.434949,5.341660,4.932883,90.000000,8.174454,6.890056,-87.957192,10.917720,8.192816,-85.456887,13.552325,9.884898,-84.909210,15.856149,11.824759,-86.838881,19.170539,13.616199,-85.346171,23.034611,16.264610,-84.946360,32.084937,19.293789,-84.882689,68.734761,25.781757
compact,0.15708,26,90.000000,5.437704,4.274870,0.000000,6.930803,6.930803,-79.572771,9.486634,8.100592,90.000000,11.482604,9.974499,-81.701940,14.074095,11.400110,-86.056558,16.396330,13.511733,-82.949606,20.274794,15.787559,-83.894889,28.024361,18.705354,-85.304932,61.448543,23.738745
compact,0.15708,27,-63.434949,5.341660,4.932883,-82.027302,8.872096,6.386689,-87.957192,10.917720,8.192816,-78.212647,13.229075,10.021724,-81.965941,15.847989,11.744594,-82.912395,19.346232,13.355926,-81.731297,22.830649,16.191409,-83.866421,32.270827,19.024782,-84.113409,70.545569,25.434609
compact,0.15708,28,-78.801201,5.401104,4.512088,-79.434712,8.255290,6.417699,90.000000,11.219946,7.448972,-86.392869,12.989439,9.394516,-81.202075,15.090552,11.386468,-82.128339,17.832223,13.337461,-81.737102,21.732513,15.590346,-83.264739,29.352497,18.896621,-85.138626,62.916896,23.957654
compact,0.15708,29,90.000000,5.437704,4.274870,-62.918826,7.676906,6.303315,90.000000,9.731926,8.147546,90.000000,12.033038,9.513247,-81.701940,14.074095,11.400110,-89.550966,16.520669,13.319908,90.000000,19.866918,15.564670,-85.862744,27.124749,18.187400,-85.534089,57.391032,22.064039
compact,0.15708,30,90.000000,5.437704,4.274870,-71.565051,7.023769,6.690697,-64.581057,9.488297,8.199118,90.000000,11.547005,9.798416,-79.874683,13.742450,11.477388,-82.699364,15.674020,14.148587,-86.240817,19.516340,16.524468,-85.750170,29.636048,18.923322,-86.918774,62.373880,23.906180
compact,0.15708,31,90.000000,5.437704,4.274870,-62.918826,7.676906,6.303315,90.000000,9.893215,7.740129,-87.076414,11.611398,9.512397,-78.570576,13.669726,11.249678,-81.365232,16.109145,13.044073,-81.185111,19.060527,15.281107,-86.296642,24.497649,18.320406,-85.224330,53.086225,22.855662
compact,0.15708,32,90.000000,5.437704,4.274870,-71.565051,7.120728,6.446852,90.000000,9.893215,7.740129,-84.435405,11.620846,9.393315,-83.701713,13.461905,11.520265,-86.547418,15.775478,13.473041,-83.845129,19.418826,15.400675,-85.798079,25.937472,18.349122,-84.705025,55.696489,22.982966
compact,0.15708,33,90.000000,5.437704,4.274870,-56.309932,7.503845,6.755814,90.000000,10.219806,8.019817,-84.127183,12.663181,9.453268,-86.979717,14.856164,11.307263,-82.356028,17.331885,13.427789,-83.705668,21.414397,15.509931,-85.966785,29.534037,18.038319,-85.423275,59.907796,23.020141
compact,0.15708,34,-78.801201,5.401104,4.512088,-70.206484,7.491907,6.957585,-87.948746,10.025788,8.543821,-85.972793,12.857317,9.730142,-88.145786,15.218532,11.357326,-86.720031,17.639735,13.645394,-89.549661,21.838961,15.808540,-88.186836,29.525671,19.186151,-86.210312,67.443650,24.779567
compact,0.15708,35,90.000000,5.437704,4.274870,-70.206484,7.491907,6.957585,90.000000,9.484130,8.839306,-81.149786,11.943195,10.492312,-83.022424,14.445666,12.285920,-85.001550,17.431703,14.337053,-85.634490,21.884107,17.003333,-85.799829,34.855755,18.773346,-85.725286,70.367071,25.670995
compact,0.15708,36,-77.126702,5.250617,4.217249,-83.244244,7.133973,6.258122,-67.953415,9.079479,8.026750,-79.725155,11.224275,9.397906,-81.548141,12.952867,11.284143,-77.123739,15.166517,13.333193,-80.638221,18.102330,15.863890,-82.465657,24.536544,19.266587,-85.359119,54.985960,24.443697
compact,0.15708,37,-78.801201,5.401104,4.512088,-56.309932,7.503845,6.755814,90.000000,9.484130,8.839306,-79.205323,11.756877,10.537869,-78.133530,14.363255,12.092569,-81.189655,16.982321,14.185328,-79.853771,21.001836,16.675473,-83.743935,30.643651,19.299069,-85.006465,66.564520,25.816056
compact,0.15708,38,90.000000,5.437704,4.274870,90.000000,8.479236,6.118488,-87.598257,10.828175,7.522758,-84.127183,12.663181,9.453268,-86.347071,14.618029,11.417002,-87.871987,17.145321,13.354247,-86.125520,21.021295,15.316551,-84.616045,28.315934,18.408680,-83.169862,61.706577,23.664450
compact,0.15708,39,-78.801201,5.401104,4.512088,-70.206484,7.491907,6.957585,90.000000,9.484130,8.839306,-88.668552,12.242050,10.357019,-85.483524,14.713634,12.225372,-88.192688,17.219718,14.858115,-88.848438,22.865572,16.897600,-86.961816,36.389283,18.386990,-86.277520,73.180930,25.408697
compact,0.15708,40,-63.434949,5.341660,4.932883,-83.104319,8.779780,6.581615,-81.863124,11.406363,8.181004,-85.546628,13.573959,10.155027,-85.210578,16.496889,11.672777,-85.687531,19.599914,13.641443,-84.428223,23.334596,16.482262,-84.449743,34.064692,19.086819,-83.493505,75.683966,25.610894
compact,0.15708,41,-78.801201,5.401104,4.512088,-70.206484,7.491907,6.957585,90.000000,9.962117,8.708662,-81.849146,12.971640,9.842148,-83.597867,15.052538,12.027267,-83.065157,18.193620,14.030139,-80.653311,22.958239,16.332162,-82.427454,33.800825,18.106036,-84.913102,69.249244,23.554266
compact,0.15708,42,-63.434949,5.341660,4.932883,-84.479530,8.692744,6.771884,-83.502692,10.987581,8.598821,-89.493421,13.662788,10.181499,-86.191526,16.730829,11.743484,-84.099436,19.662254,13.997579,-87.999678,23.711519,16.823612,-86.359359,34.848764,19.455793,-85.343755,74.529393,26.800580
compact,0.15708,43,-78.801201,5.401104,4.512088,-56.309932,7.503845,6.755814,-84.203912,9.615623,8.499306,-87.868694,12.291769,9.774256,-88.817573,14.649933,11.477839,-83.305625,17.434340,13.420483,-86.962039,21.458186,15.734734,-86.274032,29.842817,18.668293,-85.125616,64.617671,24.388125
compact,0.15708,44,-63.434949,5.189733,4.033196,90.000000,7.416923,5.404100,90.000000,9.035876,7.265281,-85.597655,10.751103,9.111049,-82.909763,12.084488,11.286091,90.000000,13.968663,13.117721,-80.810529,16.796948,15.169613,-87.974812,21.473671,18.070734,-87.148335,43.803201,22.515612
compact,0.15708,45,90.000000,5.437704,4.274870,0.000000,6.930803,6.930803,-87.587423,9.669591,8.327844,90.000000,12.033038,9.513247,-81.728508,14.407641,11.310921,-87.318410,16.909363,13.313854,-85.663000,20.466748,15.625942,-84.701028,27.982895,18.551154,-86.179892,58.573418,23.803343
compact,0.15708,46,90.000000,5.597619,3.883727,-75.127559,7.652553,6.037214,-82.789613,9.841227,7.501537,-78.229980,11.399300,9.352519,-83.039379,13.217004,11.243339,-75.669848,15.605870,13.026493,-83.484421,18.939541,14.918673,-83.656857,24.251987,17.887072,-85.470631,52.371949,22.019639
compact,0.15708,47,-78.801201,5.401104,4.512088,-70.206484,7.491907,6.957585,-86.437492,10.093894,8.374593,90.000000,12.648556,9.693550,-88.514712,14.948916,11.488945,-87.646074,17.462284,13.717646,90.000000,21.507837,15.936618,-85.424407,29.152101,19.483536,-87.385258,64.811555,25.847509
compact,0.15708,48,-63.434949,5.474022,4.641536,90.000000,8.174454,6.890056,-86.099906,10.399908,8.601560,-87.484491,12.837499,10.450003,-86.333559,15.354399,12.449483,-87.216712,18.814804,14.229155,-88.168130,23.419670,16.959548,-87.435653,35.275729,19.131977,-87.271026,73.785834,27.048961
compact,0.15708,49,-84.404297,6.208073,4.782290,-86.869665,9.096482,6.843274,-81.689622,11.582843,8.804378,-86.131314,14.489047,10.409521,-87.491192,17.258750,12.336304,-87.629578,20.840913,14.318760,-86.299015,25.566212,17.083533,-86.369926,38.626045,19.530052,-85.718855,78.668978,27.171042
compact,0.15708,50,90.000000,5.437704,4.274870,-75.127559,7.652553,6.037214,-84.635570,10.344662,7.387143,-84.435405,11.620846,9.393315,-76.296212,13.927259,10.970962,-78.423814,16.191832,12.896015,-80.702727,19.479470,14.764493,-84.334140,24.558469,17.636018,-85.162163,53.872826,21.372242
compact,0.15708,51,-63.434949,5.474022,4.641536,-74.710387,8.801871,6.130577,-78.919423,10.888655,8.134257,-80.259997,13.392147,9.595596,-80.942966,15.731564,11.495613,-78.100410,19.001150,13.261854,-75.874123,22.169697,16.263862,-80.801905,31.965081,19.057973,-82.262305,66.662652,25.827933
compact,0.15708,52,90.000000,5.437704,4.274870,-75.127559,7.652553,6.037214,-83.830367,10.094014,7.444277,-84.435405,11.620846,9.393315,-85.418826,13.334122,11.236973,-77.744490,15.892958,12.971773,-82.988667,19.220823,14.962471,-84.144069,24.128296,17.918367,-85.642285,51.822451,21.137054
compact,0.15708,53,90.000000,5.437704,4.274870,-71.565051,7.023769,6.690697,90.000000,9.893215,7.740129,-87.076414,11.611398,9.512397,90.000000,13.301503,11.454942,-84.542943,16.126668,13.114079,-87.990960,19.360827,15.247963,-87.765604,25.672252,17.783161,-84.543380,52.641832,21.766319
compact,0.15708,54,-77.126702,5.250617,4.217249,-71.565051,7.120728,6.446852,-70.504503,9.518765,7.763395,-78.229980,11.399300,9.352519,-85.418826,13.334122,11.236973,-79.740341,15.669205,13.150814,-82.633098,19.025263,15.384686,-84.315483,26.428656,17.867863,-85.269975,55.853226,22.257749
compact,0.15708,55,90.000000,5.437704,4.274870,0.000000,6.930803,6.930803,90.000000,9.811558,7.945369,90.000000,11.823891,9.566355,90.000000,13.748610,11.586050,-89.049382,16.388601,13.354315,-89.559975,20.236270,15.473507,-88.292016,27.872269,18.313307,-86.673049,57.548719,23.366094
compact,0.15708,56,90.000000,5.437704,4.274870,0.000000,6.930803,6.930803,90.000000,9.731926,8.147546,90.000000,11.901304,9.865766,-85.447700,14.472561,11.448673,-83.794522,17.100960,13.390997,-83.372732,20.719111,15.992607,-86.426007,29.884371,18.690008,-85.535610,66.141664,24.752417
compact,0.15708,57,90.000000,5.437704,4.274870,56.309932,7.220572,6.841565,87.587423,9.669591,8.327844,85.692176,11.378303,10.295246,87.992912,13.818175,12.209350,85.406689,16.490422,14.384966,88.601885,20.910023,16.880521,-88.512648,33.662505,18.742370,-86.786580,67.472216,25.149855
compact,0.15708,58,-84.404297,6.208073,4.782290,90.000000,9.112380,6.701328,-88.636845,11.874732,8.432791,90.000000,14.830806,9.808190,90.000000,17.654262,11.521923,-88.447387,20.683097,13.682839,-88.921511,24.812890,16.386798,-88.122555,35.081740,19.315363,-86.335186,72.673893,26.652953
compact,0.15708,59,63.434949,5.189733,4.033196,83.244244,7.133973,6.258122,74.810437,9.645563,7.343071,87.104472,11.152162,9.231654,90.000000,12.792171,11.129055,83.717407,15.204334,12.970882,85.166655,17.967464,15.377948,87.943337,23.783697,18.290382,-86.119414,51.876869,22.672957
compact,0.15708,60,90.000000,5.437704,4.274870,90.000000,8.479236,6.118488,-88.888451,11.023171,7.486975,90.000000,12.782717,9.346381,-89.368009,14.496824,11.517206,-86.729200,17.230624,13.361892,-87.440843,21.207537,15.360671,-86.449111,28.886867,18.546357,-86.391900,66.198573,23.240908
compact,0.15708,61,-78.801201,5.401104,4.512088,-56.309932,7.503845,6.755814,-86.339085,9.546958,8.672131,90.000000,11.473932,10.549445,-85.353346,14.688637,11.631921,-81.221152,17.027442,14.072587,-85.696763,20.880495,16.840070,-86.167578,32.146087,19.130760,-85.915254,69.781851,24.811422
compact,0.15708,62,90.000000,5.437704,4.274870,0.000000,6.930803,6.930803,90.000000,9.731926,8.147546,88.189514,11.428193,10.137420,90.000000,14.021730,11.646139,90.000000,16.639073,13.622016,90.000000,20.156856,16.590169,-88.798897,30.364260,18.972846,-86.835555,66.358381,24.845309
compact,0.15708,63,-77.126702,5.250617,4.217249,-71.565051,7.023769,6.690697,-66.197329,9.520182,7.892830,-87.232099,11.479932,9.631644,-83.701713,13.461905,11.520265,-83.809206,15.748640,13.660678,-84.454267,19.445313,15.724964,-80.333435,26.879900,18.976765,-84.516177,60.292154,24.614163
compact,0.15708,64,-78.801201,5.401104,4.512088,-79.434712,8.255290,6.417699,-87.227341,10.662959,7.921653,-86.392869,12.989439,9.394516,-85.433733,15.152415,11.247870,-82.356028,17.331885,13.427789,-83.861629,21.093275,15.566512,-82.114588,27.294820,19.072574,-84.306739,60.397856,24.010209
compact,0.15708,65,-80.782526,6.318475,4.544040,-87.322087,9.276602,6.351745,-79.811782,11.519404,8.199407,-87.213710,13.587164,10.238484,-84.415001,16.910190,11.610497,-84.315443,19.752135,13.801191,-83.583519,23.923326,16.579272,-83.795600,34.829625,19.422407,-84.651404,74.942060,25.920145
compact,0.15708,66,-80.782526,6.318475,4.544040,-87.322087,9.276602,6.351745,-86.770592,12.372909,7.877676,-88.018895,14.947935,9.353223,-86.491638,17.318613,11.384802,-84.764167,20.122272,13.541634,-86.296702,24.910298,15.557150,-84.489206,33.132329,18.695829,-84.520733,68.804611,24.387310
compact,0.15708,67,-63.434949,5.474022,4.641536,-84.996010,8.333114,6.518755,-87.957192,10.917720,8.192816,-86.005337,13.108240,9.943858,-89.579210,15.337089,12.044852,90.000000,18.720782,13.743203,-85.900780,22.829884,16.359770,-86.890266,32.684525,19.258333,-87.001349,68.745420,26.627209
compact,0.15708,68,-78.801201,5.401104,4.512088,-87.804960,8.400487,6.324436,90.000000,11.219946,7.448972,-86.392869,12.989439,9.394516,-89.443167,14.794337,11.441148,-87.567743,17.291152,13.546508,-88.700194,21.355223,15.376168,-89.231817,28.955213,17.881244,-87.881122,57.955393,23.537176
compact,0.15708,69,90.000000,5.437704,4.274870,-62.918826,7.676906,6.303315,90.000000,9.811558,7.945369,90.000000,11.823891,9.566355,-79.874683,13.742450,11.477388,-82.949941,16.236150,13.497726,-86.490025,19.564875,15.750076,-84.148963,26.959877,18.580752,-83.854079,56.921933,23.740497
compact,0.15708,70,-63.434949,5.189733,4.033196,-71.565051,7.120728,6.446852,-72.930135,9.578351,7.558170,-78.229980,11.399300,9.352519,-80.338408,13.107059,11.242096,-75.669848,15.605870,13.026493,-77.446129,18.927255,15.067401,-82.946515,25.262074,17.769134,-85.362090,52.645754,20.844660
compact,0.15708,71,-63.434949,5.474022,4.641536,-74.710387,8.801871,6.130577,-86.523521,11.593084,7.449224,-82.723194,13.382419,9.398965,-83.480672,15.502719,11.169692,-82.442848,18.296687,13.145862,-83.581838,21.855261,15.384396,-85.128060,29.599553,17.887041,-83.881398,62.777054,22.113630
compact,0.15708,72,90.000000,5.437704,4.274870,0.000000,6.930803,6.930803,-61.367613,9.543430,7.999775,90.000000,11.482604,9.974499,-74.754521,13.865789,11.564366,-82.655056,16.535515,13.564996,-78.776569,20.105101,16.234211,-82.658712,30.099376,18.389307,-85.317027,64.118029,22.905673
compact,0.15708,73,90.000000,6.124316,4.998551,-78.018756,9.541521,6.912518,-87.417379,12.117007,8.848878,-83.535829,15.261698,10.603398,-86.121054,18.315914,12.605853,-84.787366,22.032996,14.860168,-85.246180,28.542724,17.137455,-85.489626,44.110703,19.238074,-85.671359,84.209819,28.523900
compact,0.15708,74,-63.434949,5.189733,4.033196,90.000000,7.194274,6.020168,-77.369984,9.149513,7.662711,-85.963457,11.012633,9.355538,90.000000,12.792171,11.129055,-79.419743,14.899091,13.067249,-78.796278,17.571241,15.497473,-80.862606,23.414986,18.616057,-85.007379,54.837951,23.276674
compact,0.15708,75,90.000000,5.437704,4.274870,-62.918826,7.676906,6.303315,90.000000,9.731926,8.147546,-83.550624,11.893217,9.650294,-74.754521,13.865789,11.564366,-86.056558,16.396330,13.511733,-81.120266,20.045014,15.776453,-83.301811,27.900019,18.657657,-84.599691,61.912218,23.126738
compact,0.15708,76,90.000000,5.437704,4.274870,-56.309932,7.220572,6.841565,90.000000,9.731926,8.147546,90.000000,12.033038,9.513247,-86.117417,14.148934,11.535034,-88.486150,16.909653,13.234544,-86.976542,20.599523,15.582182,-84.324279,28.120460,18.640491,-85.549767,60.090347,23.074759
compact,0.15708,77,-80.782526,6.318475,4.544040,-87.322087,9.276602,6.351745,-83.513647,12.127956,7.821022,-86.829904,14.599779,9.411617,-84.868647,16.869306,11.307740,-83.908399,19.838711,13.214903,-85.156322,23.711375,15.570178,-84.512668,31.938316,18.800578,-85.918208,69.773477,23.847836
compact,0.15708,78,-77.126702,5.250617,4.217249,-71.565051,7.120728,6.446852,-70.504503,9.518765,7.763395,-78.229980,11.399300,9.352519,-85.418826,13.334122,11.236973,-77.306047,15.523819,13.269802,-84.173492,18.979691,15.564859,-82.892301,25.311015,19.120315,-86.200498,56.647492,23.046738
compact,0.15708,79,63.434949,5.189733,4.033196,71.565051,7.120728,6.446852,59.990820,9.111653,8.134541,83.994261,11.356780,9.633073,86.757158,13.376175,11.493435,90.000000,15.825142,13.505968,87.316132,19.129971,16.377456,-87.720711,29.666236,19.013438,-86.595810,67.889750,23.504064
compact,0.15708,80,-78.801201,5.401104,4.512088,-62.918826,7.676906,6.303315,-84.203912,9.615623,8.499306,-84.127183,12.663181,9.453268,-78.073047,14.496016,11.418961,-81.346333,17.231382,13.432881,-82.086711,21.260588,15.635677,-79.960458,29.412022,18.586756,-83.636763,63.140922,24.218225
compact,0.15708,81,-77.126702,5.250617,4.217249,90.000000,7.194274,6.020168,-74.810437,9.645563,7.343071,-72.615713,11.184576,9.192357,-80.883754,13.065247,10.913346,-81.970006,14.992466,12.905614,-71.828495,17.832944,15.131295,-79.483778,23.466895,17.590702,-80.543597,46.850638,22.787522
compact,0.15708,82,90.000000,5.437704,4.274870,-56.309932,7.503845,6.755814,-84.203912,9.615623,8.499306,90.000000,11.679341,10.494443,-85.064789,14.429882,11.950671,-81.221152,17.027442,14.072587,-82.003733,20.920784,16.800385,-85.558714,32.182328,18.904138,-85.443912,67.725262,26.142986
compact,0.15708,83,90.000000,5.437704,4.274870,-65.697369,7.396504,6.378620,90.000000,9.893215,7.740129,-84.435405,11.620846,9.393315,-77.238288,13.818619,11.220260,-84.542943,16.126668,13.114079,-82.051984,19.155375,15.272784,-84.876736,25.103489,18.189779,-86.867943,53.890999,22.774762
compact,0.15708,84,90.000000,5.437704,4.274870,80.782526,7.745269,6.664913,90.000000,10.219806,8.019817,-88.145369,12.882764,9.374089,-89.443167,14.794337,11.441148,-85.081555,17.396860,13.609009,90.000000,21.547961,15.846171,-89.894677,31.084529,19.296828,-85.991676,69.961722,24.316311
compact,0.15708,85,-63.434949,5.474022,4.641536,-74.710387,8.801871,6.130577,-87.957192,10.917720,8.192816,-84.441751,13.555117,9.576928,-84.888916,15.668991,11.531660,-83.946793,18.658948,13.384552,-82.783882,22.700409,15.610580,-83.043787,30.011733,19.099388,-84.588393,62.540547,24.793247
compact,0.15708,86,90.000000,5.437704,4.274870,-56.309932,7.503845,6.755814,-88.448853,10.441216,7.971581,-85.330944,12.825478,9.424976,-82.642464,15.008783,11.191533,-81.346333,17.231382,13.432881,-83.861629,21.093275,15.566512,-81.917750,28.228569,18.863175,-83.371664,66.650773,23.125363
compact,0.15708,87,90.000000,5.437704,4.274870,-65.697369,7.396504,6.378620,90.000000,9.893215,7.740129,-87.076414,11.611398,9.512397,-78.570576,13.669726,11.249678,-87.308149,15.870514,13.321416,-81.165403,19.386906,15.219343,-82.426484,25.605130,17.834495,-84.143902,54.656926,22.358347
compact,0.15708,88,-63.434949,5.341660,4.932883,-84.479530,8.692744,6.771884,-84.669826,10.732882,8.790911,-80.948038,13.185081,10.535784,-81.671077,15.560767,12.607956,-82.848819,19.069101,14.428775,-83.627791,24.233279,16.639566,-85.798160,35.311532,19.326842,-84.507767,76.508368,26.569652
compact,0.15708,89,-80.782526,6.318475,4.544040,-86.869665,9.096482,6.843274,-78.943080,11.466563,8.766522,-81.700753,14.490294,10.324639,-83.458178,17.042308,12.348970,-81.184960,20.370143,14.398687,-84.588906,25.377810,16.907317,-84.782697,37.922553,19.442463,-84.819009,75.861122,28.143236
compact,0.15708,90,-63.434949,5.474022,4.641536,-82.657589,8.072935,6.834457,-87.957192,10.917720,8.192816,-78.212647,13.229075,10.021724,-82.599565,15.830023,11.759420,-87.462533,18.987724,13.824909,-84.428223,23.334596,16.482262,-84.891082,35.186473,18.526340,-85.802513,72.656440,23.436586
compact,0.15708,91,-78.801201,5.401104,4.512088,-74.086277,8.212114,6.279569,-87.598257,10.828175,7.522758,-84.127183,12.663181,9.453268,-83.891337,14.694338,11.262155,-84.950384,17.093604,13.323112,-81.839512,20.708492,15.439644,-83.512445,26.933733,18.732364,-85.260662,60.216977,23.600712
compact,0.15708,92,90.000000,5.597619,3.883727,-71.565051,7.023769,6.690697,-82.789613,9.841227,7.501537,-84.435405,11.620846,9.393315,90.000000,13.301503,11.454942,-83.982850,15.609855,13.447045,-84.173492,18.979691,15.564859,-87.715715,25.295853,18.452536,-84.181291,53.374218,23.516330
compact,0.15708,93,90.000000,5.437704,4.274870,0.000000,6.930803,6.930803,90.000000,9.731926,8.147546,-88.189514,11.428193,10.137420,-87.729065,13.915545,11.638519,-87.388026,16.651790,13.449227,-85.176197,19.860639,16.252440,-85.293508,28.048143,18.974542,-84.677110,59.663041,24.345421
compact,0.15708,94,90.000000,5.773503,3.464102,-83.244244,7.133973,6.258122,-74.810437,9.645563,7.343071,-87.104472,11.152162,9.231654,90.000000,12.792171,11.129055,90.000000,15.046360,12.850988,-88.020928,17.886498,15.088069,-89.441390,22.868300,17.772720,-86.352026,49.861207,20.612838
compact,0.15708,95,90.000000,6.461763,4.060939,-87.650660,9.485941,5.956030,-81.833746,11.727369,7.719732,-85.828615,13.681903,9.581380,-83.951265,15.801668,11.517216,-85.740396,18.970501,13.213368,-83.412437,22.629750,15.668661,-83.906756,30.726078,18.887919,-84.108989,67.057446,24.029057
compact,0.15708,96,-63.434949,5.474022,4.641536,-86.655283,8.432221,6.833487,90.000000,10.782528,8.517312,-82.381319,13.266440,10.289631,-86.333559,15.354399,12.449483,-87.216712,18.814804,14.229155,-85.172388,23.236477,16.825911,-87.079197,35.233558,18.976314,-86.141921,70.598737,25.887452
compact,0.15708,97,-78.801201,5.401104,4.512088,-70.206484,7.491907,6.957585,90.000000,9.484130,8.839306,-85.972793,12.857317,9.730142,-86.536702,15.369532,11.497684,-87.045562,17.773663,14.069223,-87.055750,22.809327,16.106913,-86.850340,32.871473,18.770389,-85.779406,73.034304,23.909904
compact,0.15708,98,90.000000,5.437704,4.274870,0.000000,6.930803,6.930803,-69.183230,9.446423,8.383568,90.000000,11.482604,9.974499,-77.377013,14.173553,11.504770,-81.960849,16.976039,13.502753,-82.795778,20.351767,16.533891,-83.676814,31.648112,18.667216,-84.626368,66.118241,22.980932
compact,0.15708,99,90.000000,5.437704,4.274870,-56.309932,7.503845,6.755814,-88.426528,10.154135,8.200231,-85.330944,12.825478,9.424976,-87.144703,14.764150,11.384313,-82.652300,17.557882,13.397140,-86.563485,21.563147,15.716570,-83.878735,30.385379,18.464926,-84.135944,64.343771,23.632002
compact,0.15708,100,-78.801201,5.401104,4.512088,-70.206484,7.491907,6.957585,-87.227341,10.662959,7.921653,-84.527354,13.039840,9.464338,-86.166185,15.105842,11.538642,-80.679104,17.616465,13.890074,-83.969755,21.675316,16.354237,-83.389801,32.496887,18.801500,-85.977293,70.511315,24.266529
compact,0.31416,1,90.000000,5.437704,4.274870,0.000000,6.930803,6.930803,-69.183230,9.446423,8.383568,90.000000,11.482604,9.974499,-77.956274,13.645250,11.769529,-81.046034,15.807913,14.365969,-78.507708,19.553287,16.934456,-83.962173,30.638957,19.347487,-80.773063,67.894289,26.132419
compact,0.31416,2,-45.000000,5.608117,4.048723,-62.918826,7.676906,6.303315,-58.636524,9.482419,8.189923,-72.366632,11.330339,10.029646,-72.785734,13.956888,11.296539,-74.357111,16.116339,13.619963,-72.845635,20.004892,15.680142,-76.675637,26.970573,19.343728,-79.136320,58.897629,24.818655
compact,0.31416,3,-63.434949,5.189733,4.033196,-82.698771,6.992203,6.051406,90.000000,8.866586,7.778377,-65.096023,10.780880,9.201796,-72.140296,12.414079,11.191578,-84.089256,14.515509,13.151424,-79.040890,17.225222,15.521756,-74.764393,22.895534,18.668880,-80.004017,50.726941,22.769785
compact,0.31416,4,90.000000,5.437704,4.274870,-60.562618,7.585301,6.534775,-73.154966,9.621772,8.245594,-75.572225,12.114069,9.598608,-74.754521,13.865789,11.564366,-76.647828,16.693856,13.289323,-77.170501,20.202443,15.319879,-77.114352,25.746333,18.994346,-80.403121,53.843973,25.091793
compact,0.31416,5,90.000000,6.124316,4.998551,-80.385499,9.315922,6.944945,-75.026617,11.379525,9.252102,-78.028846,14.433337,10.855126,-81.545161,17.214245,12.940388,-80.148780,21.203708,15.015159,-80.941478,28.013486,17.209009,-80.960930,43.558722,19.616605,-80.028204,81.661313,28.597312
compact,0.31416,6,-78.801201,5.401104,4.512088,-56.309932,7.503845,6.755814,-86.339085,9.546958,8.672131,-76.325062,11.572861,10.579960,-75.882122,14.350422,12.011561,-79.628281,17.069682,14.113111,-77.099424,20.934776,16.796808,-79.854378,31.037998,19.639868,-80.070428,66.105672,27.199472
compact,0.31416,7,90.000000,5.437704,4.274870,-62.918826,7.676906,6.303315,-80.782526,9.684342,7.931840,-83.550624,11.893217,9.650294,-79.874683,13.742450,11.477388,-83.069486,16.376012,13.383739,-77.625940,19.967162,15.577620,-80.616850,27.397438,18.345185,-81.363515,59.565838,22.828518
compact,0.31416,8,-75.598383,5.881756,4.616451,-83.104319,8.779780,6.581615,-80.782526,11.670163,7.879061,-75.939688,13.588841,9.965205,-83.717075,16.582343,11.352967,-81.505156,19.670718,13.323838,-79.731355,23.760373,15.935411,-80.925498,32.938847,18.797457,-80.371466,69.859197,24.907863
compact,0.31416,9,-63.434949,5.474022,4.641536,-68.052473,8.108796,6.791871,-86.099906,10.399908,8.601560,-73.354238,12.744641,10.314066,-77.956274,15.224348,12.230672,-75.118324,18.154018,14.472370,-80.768880,22.816077,17.016047,-81.798355,36.345687,19.282313,-80.880580,73.860060,26.621540
compact,0.31416,10,90.000000,5.437704,4.274870,-56.309932,7.503845,6.755814,-86.437492,10.093894,8.374593,-70.938845,12.114414,10.231165,-78.722578,14.780060,11.752140,-76.050648,17.476195,13.774532,-76.460617,21.499334,16.230660,-78.145625,31.135541,18.928673,-79.232641,61.298766,25.779351
compact,0.31416,11,90.000000,5.437704,4.274870,-56.309932,7.503845,6.755814,-61.367613,9.774342,8.377143,-72.032095,12.490164,9.627251,-76.047657,14.914569,11.081334,-76.223594,17.410713,13.163463,-77.445654,20.994711,15.557816,-75.955377,27.681984,18.951974,-79.211381,60.684671,23.507513
compact,0.31416,12,90.000000,5.437704,4.274870,-60.562618,7.585301,6.534775,90.000000,9.731926,8.147546,-84.510385,12.219371,9.722334,-79.899645,14.448653,11.368292,-81.012762,16.942437,13.458000,-83.423252,20.655914,15.667489,-81.036708,27.958494,18.468706,-81.566945,54.913665,24.902461
compact,0.31416,13,-78.801201,5.401104,4.512088,-49.084710,7.712427,6.712312,-85.163069,10.318737,8.317797,-77.368451,12.720035,9.842123,-77.372332,15.312118,11.304463,-73.555299,17.658637,13.860617,-75.937650,21.728010,16.179905,-77.858781,31.148836,18.819591,-79.082527,66.013953,24.841298
compact,0.31416,14,90.000000,5.437704,4.274870,-68.423805,7.737666,6.770169,-86.437492,10.093894,8.374593,-82.669884,13.097942,9.525725,-84.059509,15.177503,11.485565,-80.735619,17.667103,13.773816,-79.720060,21.634017,16.266071,-80.989400,31.073544,19.194397,-81.080570,68.696477,26.449570
compact,0.31416,15,-63.434949,5.474022,4.641536,-75.127559,8.014705,6.734835,-84.219935,10.542371,8.260841,-82.669884,13.097942,9.525725,-82.663244,15.445495,11.538601,-81.390180,18.191035,13.747880,-81.648431,21.803696,16.656485,-83.047188,33.505073,18.531957,-82.165046,68.109999,25.067008
compact,0.31416,16,90.000000,5.437704,4.274870,-71.565051,7.120728,6.446852,-85.191447,9.697006,8.051174,90.000000,11.612518,9.620381,-81.631849,13.600297,11.501007,-82.963105,15.950197,13.576778,-86.490025,19.564875,15.750076,-81.056408,26.457957,19.122115,-82.455176,58.412051,24.119629
compact,0.31416,17,90.000000,5.437704,4.274870,-62.918826,7.676906,6.303315,-80.782526,9.684342,7.931840,-80.441629,12.135727,9.344325,-74.976200,13.883871,11.262519,-78.123367,16.601681,13.050560,-77.113406,19.746080,15.277732,-77.718056,25.923687,18.335780,-80.807441,53.573411,22.324024
compact,0.31416,18,90.000000,5.437704,4.274870,-56.309932,7.220572,6.841565,-87.587423,9.669591,8.327844,90.000000,11.901304,9.865766,-81.728508,14.407641,11.310921,-83.794522,17.100960,13.390997,-83.602469,21.057595,15.658296,-82.284747,29.308103,18.530056,-81.582901,64.508516,23.943991
compact,0.31416,19,90.000000,5.437704,4.274870,0.000000,6.930803,6.930803,-69.183230,9.446423,8.383568,-88.189514,11.428193,10.137420,-72.113684,13.783568,11.831611,-80.208970,16.750242,13.545279,-79.527613,20.014166,16.631522,-81.698322,29.971041,19.244599,-80.529252,67.135805,25.119730
compact,0.31416,20,-77.126702,5.250617,4.217249,90.000000,7.194274,6.020168,-74.810437,9.645563,7.343071,-72.058931,11.372631,9.137985,-80.883754,13.065247,10.913346,-75.068150,15.146539,13.014396,-74.880225,17.709561,15.521807,-81.514791,23.901886,17.942177,-79.295505,50.078262,21.585653
compact,0.31416,21,90.000000,5.437704,4.274870,-81.015430,8.291464,5.925156,90.000000,10.383888,7.615056,90.000000,12.033038,9.513247,-80.447403,14.108315,11.278282,-86.949114,16.686109,13.043856,-86.785626,19.741688,15.342088,-86.094942,26.203372,18.207531,-82.241913,56.275702,23.954634
compact,0.31416,22,-78.801201,5.401104,4.512088,-56.309932,7.503845,6.755814,-86.437492,10.093894,8.374593,-79.940183,12.801609,9.561227,-81.257229,15.134405,11.349019,-77.845444,17.578590,13.463679,-80.130499,21.491236,15.772709,-79.756493,29.375025,18.729657,-79.939084,61.224199,24.607521
compact,0.31416,23,-78.801201,5.401104,4.512088,-68.423805,7.737666,6.770169,-78.875488,10.553839,8.035885,-79.940183,12.801609,9.561227,-78.540627,15.191976,11.308576,-78.855902,17.665729,13.468332,-78.809932,21.925042,15.580059,-78.501758,29.849681,18.535165,-79.925089,61.179418,23.806094
compact,0.31416,24,-63.434949,5.341660,4.932883,-83.104319,8.779780,6.581615,-82.474390,11.134457,8.272666,-74.880734,13.215235,10.219749,-77.447359,15.927726,12.014856,-75.888504,19.451327,13.699560,-77.215961,23.227008,16.566287,-79.666338,33.969166,19.671428,-81.679268,70.935044,26.794764
compact,0.31416,25,0.000000,5.219013,5.219013,-84.479530,8.692744,6.771884,-79.811782,11.519404,8.199407,-86.264220,13.454225,10.429274,-82.092629,16.492949,11.996820,-81.967174,19.404959,14.185246,-79.505649,23.653290,16.792247,-79.712651,34.793156,19.341875,-78.981776,71.863048,27.032442
compact,0.31416,26,90.000000,5.437704,4.274870,-70.206484,7.491907,6.957585,90.000000,9.484130,8.839306,-78.655607,12.681212,9.875406,-82.681872,15.132956,11.709147,-76.009081,17.571337,14.063799,-75.877637,22.420475,16.095243,-78.876854,31.863554,18.706956,-80.287975,65.910860,24.852534
compact,0.31416,27,-63.434949,5.474022,4.641536,-45.000000,7.936742,6.652831,-84.219935,10.542371,8.260841,-75.616175,12.609390,10.128131,-74.368134,15.152609,11.794417,-75.784626,17.527454,14.171656,-73.694422,21.727816,16.458784,-79.724600,31.251655,18.992377,-79.395047,65.294896,25.916976
compact,0.31416,28,90.000000,5.437704,4.274870,-62.918826,7.676906,6.303315,-85.191447,9.697006,8.051174,-83.550624,11.893217,9.650294,-81.701940,14.074095,11.400110,-86.056558,16.396330,13.511733,-81.988000,20.119364,15.782276,-81.410830,28.563422,18.404340,-81.845457,60.801515,23.639530
compact,0.31416,29,-77.126702,5.250617,4.217249,-71.565051,7.120728,6.446852,-70.504503,9.518765,7.763395,-78.229980,11.399300,9.352519,-83.039379,13.217004,11.243339,-75.669848,15.605870,13.026493,-79.535318,18.867373,15.306007,-80.412345,25.646264,17.708453,-79.197794,52.891945,22.856992
compact,0.31416,30,90.000000,5.437704,4.274870,-65.697369,7.396504,6.378620,-58.636524,9.482419,8.189923,90.000000,11.547005,9.798416,-79.874683,13.742450,11.477388,-72.855945,16.129839,13.525453,-78.107537,19.853471,15.600928,-77.210946,27.045765,18.713798,-80.639271,57.722217,23.483819
compact,0.31416,31,90.000000,5.437704,4.274870,-62.918826,7.676906,6.303315,-73.154966,9.621772,8.245594,-81.305011,11.913896,9.522295,-72.785734,13.956888,11.296539,-76.386573,16.552995,13.090579,-75.087782,20.010976,15.263977,-78.196548,25.946768,18.870759,-80.031532,58.768762,23.533867
compact,0.31416,32,90.000000,5.437704,4.274870,-71.565051,7.120728,6.446852,-64.581057,9.488297,8.199118,90.000000,11.612518,9.620381,-72.785734,13.956888,11.296539,-74.991243,16.251869,13.585094,-77.228601,20.049706,15.791014,-77.317051,28.669236,18.441863,-79.601981,60.052067,23.349587
compact,0.31416,33,90.000000,5.437704,4.274870,-65.697369,7.396504,6.378620,-80.782526,9.684342,7.931840,90.000000,11.612518,9.620381,-77.238288,13.818619,11.220260,-78.423814,16.306188,13.127064,-79.129924,19.436772,15.318745,-80.709630,25.649912,18.194781,-81.187602,52.593752,22.828848
compact,0.31416,34,-63.434949,5.341660,4.932883,-83.104319,8.779780,6.581615,-83.502692,10.987581,8.598821,-84.521666,13.327206,10.433084,-84.366557,16.035208,12.103405,-82.804101,19.158037,14.234543,-81.276406,23.681509,16.776977,-83.357031,35.657348,19.597104,-80.286266,77.514220,27.546341
compact,0.31416,35,-78.801201,5.401104,4.512088,-70.206484,7.491907,6.957585,90.000000,9.724960,8.773238,-81.149786,11.943195,10.492312,-84.625192,14.527780,12.385396,-77.136790,17.423858,14.466825,-82.195987,22.225164,17.025961,-81.635006,34.918172,19.081455,-80.143051,73.091404,26.368057
compact,0.31416,36,-77.126702,5.250617,4.217249,90.000000,7.194274,6.020168,-67.953415,9.079479,8.026750,-85.491540,11.040337,9.573138,-83.092487,12.799619,11.324856,-74.518122,15.081885,13.324689,-78.640489,18.137520,15.909443,-77.714365,24.713093,19.448722,-80.936712,55.413862,26.042142
compact,0.31416,37,90.000000,5.437704,4.274870,0.000000,6.930803,6.930803,-61.367613,9.543430,7.999775,90.000000,11.612518,9.620381,-79.002039,13.692962,11.624629,-86.056558,16.396330,13.511733,-80.967348,19.692539,16.180555,-79.893308,27.411958,19.168624,-81.327815,57.292140,25.548055
compact,0.31416,38,-78.801201,5.401104,4.512088,-74.452950,8.509433,6.203726,-85.090350,10.698243,7.905137,-79.940183,12.801609,9.561227,-81.202075,15.090552,11.386468,-78.855902,17.665729,13.468332,-79.986025,21.781746,15.620120,-78.964206,29.918468,18.888398,-79.024994,62.962041,24.873695
compact,0.31416,39,90.000000,5.437704,4.274870,0.000000,6.930803,6.930803,-84.203912,9.615623,8.499306,90.000000,11.266088,10.605334,-73.756093,14.344656,11.923115,-81.221152,17.027442,14.072587,-77.415592,20.939031,16.905124,-81.156035,32.651009,18.955332,-79.934575,64.151575,26.130774
compact,0.31416,40,-63.434949,5.341660,4.932883,90.000000,8.174454,6.890056,90.000000,10.782528,8.517312,-82.187883,13.328409,10.147070,-81.369413,15.745607,11.989551,-80.642136,19.062587,13.921082,-83.662364,23.147504,16.505300,-83.173966,33.293995,19.440067,-80.731504,72.757561,26.691928
compact,0.31416,41,90.000000,5.437704,4.274870,-56.309932,7.503845,6.755814,-86.339085,9.546958,8.672131,-79.940183,12.801609,9.561227,-78.540627,15.191976,11.308576,-76.050648,17.476195,13.774532,-76.326568,21.800865,16.076783,-76.696314,31.426106,18.207582,-78.664593,62.179872,24.446928
compact,0.31416,42,0.000000,5.219013,5.219013,-84.479530,8.692744,6.771884,-81.752199,11.176594,8.563957,-81.390281,13.280450,10.647568,-79.078678,16.102780,12.359640,-79.583668,19.393955,14.509376,-81.082002,24.513839,16.992468,-80.738730,36.890246,20.218976,-80.876129,77.991863,27.375201
compact,0.31416,43,90.000000,5.437704,4.274870,-60.562618,7.585301,6.534775,90.000000,9.977568,8.082904,-84.300618,12.089254,9.600981,-81.728508,14.407641,11.310921,-84.789644,16.669802,13.447308,-81.369693,20.286186,15.714470,-80.200074,28.718865,18.316640,-80.882882,61.894500,23.719541
compact,0.31416,44,63.434949,5.189733,4.033196,90.000000,7.194274,6.020168,81.796614,8.954316,7.851584,85.857039,10.918582,9.198710,86.677361,12.496047,11.211964,84.089256,14.515509,13.151424,87.538186,17.163934,15.641355,-88.166300,22.526256,19.055878,-83.538223,50.639545,23.904767
compact,0.31416,45,90.000000,5.437704,4.274870,-62.918826,7.676906,6.303315,-73.154966,9.621772,8.245594,-83.550624,11.893217,9.650294,-74.754521,13.865789,11.564366,-79.512292,16.397226,13.531166,-79.488077,20.048229,15.641404,-79.132684,27.055600,18.461304,-80.441685,56.027474,23.758136
compact,0.31416,46,-77.126702,5.250617,4.217249,-71.565051,7.120728,6.446852,-66.197329,9.520182,7.892830,-84.435405,11.620846,9.393315,-77.672051,13.426366,11.264803,-72.232465,15.658361,13.233820,-79.222025,18.908006,15.276743,-76.210680,24.535813,18.397036,-77.680882,50.069364,23.128933
compact,0.31416,47,0.000000,5.219013,5.219013,-84.479530,8.692744,6.771884,-81.265083,10.847619,8.807465,-84.914419,13.423778,10.543139,-78.355361,15.683035,12.661831,-81.823638,18.957932,14.772970,-83.225530,23.824677,17.426392,-81.802836,35.835792,20.561653,-81.836294,76.126906,29.464084
compact,0.31416,48,-78.801201,5.401104,4.512088,90.000000,7.584751,7.051495,90.000000,9.962117,8.708662,-75.616175,12.609390,10.128131,-83.761583,15.000169,12.156195,-79.229512,17.968709,14.345804,-81.690419,22.496845,16.870063,-81.693890,34.789402,18.790953,-80.921029,71.057304,25.937083
compact,0.31416,49,90.000000,5.684060,5.104959,-75.472698,8.753828,6.970678,-73.370357,11.429547,8.768664,-79.099295,14.722609,10.238039,-77.835678,17.066258,12.541998,-79.043282,20.972579,14.457820,-80.324325,27.230617,16.462962,-81.423705,40.416746,19.015525,-81.056341,79.958745,27.228306
compact,0.31416,50,90.000000,5.437704,4.274870,-62.918826,7.676906,6.303315,-80.997919,10.232732,7.783368,-74.034659,12.156437,9.450644,-79.692464,14.480843,11.065435,-73.207657,17.041224,12.920126,-77.059596,20.152930,15.359149,-79.079690,27.221289,18.221068,-78.262455,59.319463,23.019836
compact,0.31416,51,-63.434949,5.474022,4.641536,-75.930132,8.896056,5.919193,-75.036809,11.236186,7.639953,-76.575185,13.254033,9.202254,-75.630617,15.561200,11.024457,-74.633679,18.201936,13.019921,-77.876119,21.783277,15.312904,-75.847759,28.702810,18.560033,-78.637533,62.853250,23.533998
compact,0.31416,52,90.000000,5.437704,4.274870,-71.565051,7.120728,6.446852,90.000000,9.893215,7.740129,-84.435405,11.620846,9.393315,-80.126582,13.522966,11.276409,-82.027302,15.905405,13.294334,-80.343953,19.296597,15.225397,-80.211719,25.280143,18.057986,-81.701354,50.941166,22.573424
compact,0.31416,53,-78.801201,5.401104,4.512088,-60.562618,7.585301,6.534775,-84.203912,9.615623,8.499306,-79.309521,12.792252,9.250576,-78.073047,14.496016,11.418961,-76.971508,17.133285,13.229343,-81.043955,20.921520,15.529201,-79.192189,28.426075,18.734968,-80.612739,60.636506,23.622390
compact,0.31416,54,-63.434949,5.189733,4.033196,90.000000,7.416923,5.404100,90.000000,8.950004,7.524844,-78.404058,10.711220,9.146250,-75.009180,12.023997,11.237466,-87.351476,14.259587,13.033371,-78.865738,16.860435,15.325904,-78.408582,22.023906,18.450694,-80.822596,49.356488,22.767477
compact,0.31416,55,90.000000,5.437704,4.274870,0.000000,6.930803,6.930803,-69.183230,9.446423,8.383568,-85.692176,11.378303,10.295246,-72.113684,13.783568,11.831611,-82.336576,17.132976,13.440657,-75.859319,20.067316,16.762258,-81.318558,31.244420,19.188320,-81.518954,68.597772,25.134207
compact,0.31416,56,90.000000,5.437704,4.274870,0.000000,6.930803,6.930803,-64.581057,9.488297,8.199118,90.000000,11.482604,9.974499,-74.754521,13.865789,11.564366,-68.863155,16.016097,14.025380,-73.983542,19.601445,16.511088,-78.039192,29.486810,19.167386,-79.415166,64.062122,24.871106
compact,0.31416,57,-77.126702,5.250617,4.217249,90.000000,7.194274,6.020168,-72.115548,9.300151,7.823981,-78.229980,11.399300,9.352519,-80.338408,13.107059,11.242096,-84.847577,15.353152,13.422548,-84.073498,18.932365,15.613520,-84.105822,27.023557,18.577080,-82.774032,58.791781,22.892979
compact,0.31416,58,-75.598383,5.881756,4.616451,-82.027302,8.872096,6.386689,-82.474390,11.134457,8.272666,-86.547325,13.755483,9.728600,-83.807370,16.260598,11.430040,-83.901571,19.295404,13.531811,-83.008849,22.797643,16.382845,-81.821456,32.759025,19.039117,-81.490763,66.657246,26.276626
compact,0.31416,59,90.000000,5.437704,4.274870,-71.565051,7.023769,6.690697,90.000000,9.893215,7.740129,-87.076414,11.611398,9.512397,-86.757158,13.376175,11.493435,-88.195086,15.724140,13.511667,-87.990716,19.209623,15.641381,-84.830000,25.519934,18.780335,-82.053788,55.575187,23.093853
compact,0.31416,60,90.000000,5.437704,4.274870,-74.086277,8.212114,6.279569,-87.598257,10.828175,7.522758,-81.237216,12.716740,9.200190,-81.944892,14.761451,11.029421,-81.596451,17.158191,12.982970,-82.740773,20.430498,15.213504,-81.809249,26.276201,18.420130,-81.523901,54.978569,23.101237
compact,0.31416,61,90.000000,5.437704,4.274870,-56.309932,7.503845,6.755814,90.000000,9.484130,8.839306,-80.614340,12.443214,10.075903,-82.851898,14.497696,12.155391,-80.531967,17.211720,14.363835,-79.405717,21.504209,16.760828,-81.063758,32.708901,19.125700,-80.766267,67.353678,26.736004
compact,0.31416,62,-63.434949,5.474022,4.641536,90.000000,7.584751,7.051495,90.000000,9.962117,8.708662,-79.522112,12.883222,10.109116,-83.946450,14.948407,12.284303,-83.282364,17.684822,14.626044,-81.690419,22.496845,16.870063,-83.336012,34.441191,19.039798,-82.560001,70.868583,26.728891
compact,0.31416,63,-78.801201,5.401104,4.512088,-56.309932,7.503845,6.755814,-63.434949,9.309493,8.746882,90.000000,11.266088,10.605334,-71.908598,14.034776,12.000514,-77.135842,16.869443,13.911941,-75.468192,20.450976,16.508256,-78.505162,29.203652,19.105180,-78.824673,56.736573,26.883296
compact,0.31416,64,-63.434949,5.474022,4.641536,-75.127559,8.014705,6.734835,-84.219935,10.542371,8.260841,-76.553804,12.663622,9.986345,-84.012379,15.344811,11.525663,-77.893620,17.603577,13.894352,-77.636625,21.310162,16.316724,-81.162177,29.156983,19.441397,-79.096759,60.106748,26.837282
compact,0.31416,65,-75.598383,5.881756,4.616451,-83.104319,8.779780,6.581615,-80.327225,11.593706,8.040380,-80.709596,13.493294,10.131476,-80.826174,16.376200,11.516787,-81.505156,19.670718,13.323838,-80.364178,23.797881,15.803724,-78.628061,31.982823,19.038758,-79.143763,66.782342,24.341861
compact,0.31416,66,-75.598383,5.881756,4.616451,-84.921864,9.069424,6.374587,-80.782526,11.670163,7.879061,-77.056487,13.703778,9.688314,-81.939021,16.322736,11.471473,-79.125120,19.335712,13.307721,-79.287705,23.694840,15.502555,-77.974208,31.087552,19.018626,-80.217925,65.312309,25.087946
compact,0.31416,67,-78.801201,5.401104,4.512088,-74.086277,8.212114,6.279569,-88.426528,10.154135,8.200231,-85.330944,12.825478,9.424976,-82.642464,15.008783,11.191533,-82.552534,17.164505,13.413702,-83.492386,20.990409,15.587888,-82.151034,27.649267,19.162630,-81.816371,60.866537,25.159095
compact,0.31416,68,90.000000,5.437704,4.274870,-62.918826,7.676906,6.303315,90.000000,9.811558,7.945369,90.000000,11.612518,9.620381,-78.470813,13.778960,11.350593,-84.333288,16.270892,13.156231,-84.176574,19.572858,15.409314,-84.857337,26.240702,18.008431,-82.225628,53.739694,23.308311
compact,0.31416,69,90.000000,5.437704,4.274870,-62.918826,7.676906,6.303315,-61.367613,9.543430,7.999775,-86.560128,11.746881,9.642139,-74.976200,13.883871,11.262519,-71.470638,16.146916,13.427098,-75.087782,20.010976,15.263977,-75.161990,26.536604,18.545066,-79.367718,55.890148,23.141775
compact,0.31416,70,90.000000,5.437704,4.274870,-65.697369,7.396504,6.378620,90.000000,9.811558,7.945369,90.000000,11.612518,9.620381,-78.357181,13.981750,11.187378,-81.873957,16.634301,13.030772,-80.218484,19.846439,15.277209,-83.372902,26.914434,17.622719,-81.679643,54.847781,21.644276
compact,0.31416,71,90.000000,5.437704,4.274870,-75.127559,7.652553,6.037214,-84.635570,10.344662,7.387143,-81.680029,11.777423,9.394547,-76.296212,13.927259,10.970962,-76.046779,16.842319,12.557621,-74.369603,19.684828,14.868697,-79.489937,25.514965,17.374637,-79.123781,50.579444,21.377458
compact,0.31416,72,-63.434949,5.189733,4.033196,-71.565051,7.120728,6.446852,-70.504503,9.518765,7.763395,-78.229980,11.399300,9.352519,-77.509518,13.218615,11.247525,-71.717432,15.703533,13.109804,-77.473787,18.777299,15.610467,-77.911713,25.288194,18.635513,-79.218905,52.929512,23.625259
compact,0.31416,73,0.000000,5.219013,5.219013,-84.479530,8.692744,6.771884,-77.012841,11.168618,8.763314,-85.452374,13.560490,10.802282,-81.372131,16.846687,12.413504,-81.633657,20.338916,14.733205,-81.769059,26.185981,17.072935,-80.775026,40.510868,19.169430,-80.531343,78.489938,28.198540
compact,0.31416,74,-63.434949,5.189733,4.033196,90.000000,7.194274,6.020168,-79.314689,9.223645,7.433130,-69.454113,10.879930,9.233150,-64.425065,12.513921,11.093313,-70.557752,14.454614,13.218324,-66.886211,17.313296,15.463112,-70.475243,22.262693,19.184731,-78.633849,51.556090,23.375542
compact,0.31416,75,90.000000,5.437704,4.274870,-62.918826,7.676906,6.303315,-73.154966,9.621772,8.245594,-83.550624,11.893217,9.650294,-75.445697,14.034113,11.522633,-77.263555,16.629781,13.496768,-78.407601,20.184871,15.995222,-78.575231,28.441614,18.830838,-80.298315,62.425781,23.388923
compact,0.31416,76,-77.126702,5.250617,4.217249,-71.565051,7.023769,6.690697,-70.504503,9.518765,7.763395,-84.435405,11.620846,9.393315,-85.418826,13.334122,11.236973,-81.859422,15.598469,13.374909,-80.951337,18.940254,15.384582,-80.252069,24.152725,18.826746,-81.952725,50.440450,24.033903
compact,0.31416,77,-80.782526,6.318475,4.544040,-87.322087,9.276602,6.351745,-79.811782,11.519404,8.199407,-84.092512,14.496671,9.506963,-81.156750,16.989458,11.384250,-83.283275,19.875710,13.381398,-81.019541,23.763654,15.995028,-82.061198,32.636906,18.986214,-81.228264,69.178985,25.081744
compact,0.31416,78,90.000000,5.437704,4.274870,-56.309932,7.503845,6.755814,-63.434949,9.309493,8.746882,90.000000,11.266088,10.605334,-73.450803,13.754958,12.240679,-79.229512,17.075639,13.879697,-79.272063,20.548452,16.854482,-79.432986,30.884507,19.108049,-80.341891,64.122517,26.402114
compact,0.31416,79,-78.801201,5.401104,4.512088,-56.309932,7.503845,6.755814,90.000000,9.484130,8.839306,-82.064312,12.486886,9.934747,-86.166185,15.105842,11.538642,-80.754843,17.508810,14.047482,-84.475344,21.589101,16.758036,-82.822252,32.943073,19.022417,-82.003996,69.225989,26.069463
compact,0.31416,80,-45.000000,5.608117,4.048723,-62.918826,7.676906,6.303315,-52.250083,9.797846,8.035578,-67.127004,12.066382,9.639653,-74.754521,13.865789,11.564366,-71.941440,16.788655,13.374038,-70.416213,20.001018,15.997469,-75.511168,27.813170,19.243849,-77.287343,63.694101,25.224367
compact,0.31416,81,-63.434949,5.189733,4.033196,90.000000,7.194274,6.020168,-79.314689,9.223645,7.433130,-69.454113,10.879930,9.233150,-64.425065,12.513921,11.093313,-70.557752,14.454614,13.218324,-74.833912,17.337531,15.272386,-73.091536,22.554625,18.302214,-80.447053,45.077725,23.052716
compact,0.31416,82,90.000000,5.437704,4.274870,0.000000,6.930803,6.930803,-84.203912,9.615623,8.499306,-80.713069,11.530348,10.287244,-77.394980,14.447374,11.558472,-81.019619,17.187118,13.551442,-79.371224,20.721761,16.296116,-78.395209,30.315354,18.798077,-79.255020,63.068862,25.210994
compact,0.31416,83,90.000000,5.437704,4.274870,-62.918826,7.676906,6.303315,-73.154966,9.621772,8.245594,-74.034659,12.156437,9.450644,-73.571623,14.124032,11.257853,-73.075542,17.005958,12.945095,-75.766067,20.253889,15.211325,-76.418955,26.867017,18.400176,-79.552625,58.080461,22.334529
compact,0.31416,84,90.000000,5.437704,4.274870,-56.309932,7.503845,6.755814,-86.339085,9.546958,8.672131,-83.325636,12.534291,9.789376,90.000000,14.938806,11.404172,-84.701332,17.305909,13.840420,-86.308776,21.060744,16.455607,-84.387816,30.798022,19.107781,-82.357832,67.987913,24.943941
compact,0.31416,85,-63.434949,5.474022,4.641536,-75.127559,8.014705,6.734835,-84.219935,10.542371,8.260841,-79.940889,13.304166,9.465949,-80.114589,15.414855,11.397176,-81.013863,18.318363,13.345375,-80.033543,22.321528,15.708607,-82.049510,30.256199,19.033191,-80.917426,63.629019,24.296666
compact,0.31416,86,-78.801201,5.401104,4.512088,-56.309932,7.503845,6.755814,-75.127559,10.139476,8.121141,-78.632262,12.836474,9.429219,-76.238393,14.955518,11.326285,-75.060326,17.561161,13.266594,-76.264496,21.436454,15.471307,-76.143043,28.127044,19.022510,-77.372274,59.505568,24.741129
compact,0.31416,87,90.000000,5.597619,3.883727,-71.565051,7.120728,6.446852,-86.274342,9.857947,7.630827,-84.435405,11.620846,9.393315,-80.126582,13.522966,11.276409,-81.859422,15.598469,13.374909,-79.856079,19.087558,15.258781,-80.665596,25.210399,17.824481,-81.138799,51.934601,23.126482
compact,0.31416,88,0.000000,5.219013,5.219013,-67.045310,8.749417,6.698502,-75.277879,10.832091,8.814132,-70.526173,13.503145,10.475750,-73.264518,15.763026,12.594935,-75.682459,19.281800,14.403774,-77.993036,24.119751,16.839616,-80.302802,34.521286,20.093725,-78.642245,71.588631,28.136733
compact,0.31416,89,0.000000,5.219013,5.219013,-71.000092,8.740412,6.846109,-76.010263,11.511769,8.407091,-69.610142,13.725224,10.394742,-78.461024,16.595337,12.069727,-76.737480,19.731661,14.219236,-78.526265,24.981717,16.323452,-80.774648,35.978170,18.945164,-80.623036,73.712874,26.925996
compact,0.31416,90,-78.801201,5.401104,4.512088,-68.423805,7.737666,6.770169,-81.430962,10.542297,8.154191,-78.637949,13.171516,9.476096,-80.114589,15.414855,11.397176,-77.319109,18.169580,13.614774,-74.662235,21.997817,16.324591,-78.468124,32.867981,18.683064,-79.185729,68.044768,24.562839
compact,0.31416,91,90.000000,5.437704,4.274870,-65.697369,7.396504,6.378620,-61.367613,9.543430,7.999775,-87.076414,11.611398,9.512397,-80.126582,13.522966,11.276409,-75.027408,15.634065,13.426114,-77.328294,19.268228,15.319664,-75.912919,24.686240,18.995843,-79.635730,55.174663,23.944909
compact,0.31416,92,90.000000,5.437704,4.274870,-69.459802,7.646677,6.188195,90.000000,9.893215,7.740129,90.000000,11.612518,9.620381,-77.238288,13.818619,11.220260,-81.465808,16.256605,13.004955,-79.479147,19.207814,15.229738,-81.050965,25.609820,17.611300,-80.291735,53.752450,22.932724
compact,0.31416,93,-77.126702,5.250617,4.217249,-71.565051,7.120728,6.446852,-70.504503,9.518765,7.763395,-78.229980,11.399300,9.352519,-80.338408,13.107059,11.242096,-73.792463,15.528201,13.011731,-76.334670,18.532152,15.324426,-79.652484,24.381785,18.219581,-80.112366,51.925262,21.838698
compact,0.31416,94,90.000000,5.597619,3.883727,-71.565051,7.120728,6.446852,-82.789613,9.841227,7.501537,-81.483938,11.504130,9.379242,-85.418826,13.334122,11.236973,-75.669848,15.605870,13.026493,-80.439489,19.032161,15.040230,-83.326356,24.838945,17.815014,-81.196225,51.611181,22.272959
compact,0.31416,95,-75.598383,5.881756,4.616451,-82.027302,8.872096,6.386689,-82.785124,11.788672,7.555474,-75.761326,13.692431,9.793382,-80.712643,16.212503,11.555347,-80.143542,19.546311,13.282735,-79.894758,23.527908,15.828259,-80.100184,33.187239,18.736712,-80.710651,66.913468,24.954751
compact,0.31416,96,90.000000,5.437704,4.274870,-56.309932,7.503845,6.755814,90.000000,9.484130,8.839306,-68.141637,11.873554,10.423063,-78.133530,14.363255,12.092569,-75.633219,17.088501,14.314002,-77.385176,21.352656,16.931874,-82.329962,33.194065,19.035382,-81.133328,67.021191,27.156773
compact,0.31416,97,-63.434949,5.341660,4.932883,-71.188531,8.663114,6.651087,-82.944561,11.060023,8.436764,-74.655946,13.153920,10.360496,-77.594643,15.850394,12.147561,-81.218921,19.139532,14.122817,-81.248375,24.217908,16.318167,-80.820245,34.749011,19.063566,-80.249521,72.686814,25.821120
compact,0.31416,98,-52.588863,5.363247,4.073051,-83.244244,7.133973,6.258122,-72.115548,9.300151,7.823981,-75.026617,11.379525,9.252102,-80.338408,13.107059,11.242096,-68.561661,15.344529,13.348252,-77.473787,18.777299,15.610467,-76.520701,25.961765,18.977195,-81.271659,59.340750,23.166889
compact,0.31416,99,90.000000,5.437704,4.274870,-62.918826,7.676906,6.303315,-73.154966,9.621772,8.245594,-82.098743,11.768812,9.988299,-76.024515,14.201860,11.480787,-80.208970,16.750242,13.545279,-77.057497,20.228379,16.204590,-78.012307,28.809044,18.768119,-78.460091,60.453010,24.904286
compact,0.31416,100,90.000000,5.437704,4.274870,-62.918826,7.676906,6.303315,-73.154966,9.621772,8.245594,-74.034659,12.156437,9.450644,-73.571623,14.124032,11.257853,-71.973534,16.999531,12.869050,-74.100897,20.358991,15.265994,-75.994278,26.986062,18.320164,-80.720666,55.762565,23.038903
compact,0.62832,1,-63.434949,5.474022,4.641536,-45.000000,7.936742,6.652831,-63.434949,9.545909,9.031730,-65.838440,12.184735,10.662272,-74.637653,14.613085,12.583926,-66.207979,17.628697,14.724871,-73.342926,22.477337,17.355490,-70.707936,34.742534,20.145316,-69.325321,66.784920,29.152834
compact,0.62832,2,-45.000000,5.608117,4.048723,-62.918826,7.676906,6.303315,-52.250083,9.797846,8.035578,-58.352990,12.016991,9.664844,-57.946639,13.837536,11.693427,-56.119016,16.365004,13.696993,-63.148063,20.230038,15.855231,-66.895000,28.304030,18.699584,-65.637900,54.483424,26.901779
compact,0.62832,3,-63.434949,5.189733,4.033196,90.000000,7.194274,6.020168,-79.314689,9.223645,7.433130,-73.336855,10.995515,9.247279,-75.244251,12.700589,11.233456,-70.703814,14.897237,13.077468,-71.238665,17.579714,15.507249,-68.997141,23.556054,18.340459,-70.771303,47.891154,23.998491
compact,0.62832,4,-63.434949,5.189733,4.033196,-45.000000,7.058200,6.179144,-79.314689,9.223645,7.433130,-65.587598,10.982365,9.144347,-63.424692,12.722899,10.906964,-59.678877,14.788324,12.757259,-63.323731,17.735813,14.766815,-59.277580,22.142241,18.184431,-68.019834,43.719787,23.889531
compact,0.62832,5,-45.000000,5.608117,4.048723,-62.918826,7.676906,6.303315,-52.250083,9.797846,8.035578,-62.402796,12.001008,9.684683,-60.866760,13.679347,11.920290,-59.243325,16.565924,13.697688,-63.112472,20.399971,15.988170,-69.719660,29.820040,18.612618,-68.292727,59.166558,26.707195
compact,0.62832,6,-78.801201,5.401104,4.512088,-56.309932,7.503845,6.755814,-77.796862,9.365368,8.824875,-69.357645,11.929904,10.274489,-71.691978,14.347757,12.009812,-76.302633,17.174509,13.948040,-72.203990,20.437514,16.954045,-75.042796,29.828441,20.295112,-71.870909,62.502120,28.487239
compact,0.62832,7,-63.434949,5.189733,4.033196,90.000000,7.194274,6.020168,-79.314689,9.223645,7.433130,-69.454113,10.879930,9.233150,-67.299668,12.480897,11.228827,-67.107588,14.720632,13.150535,-71.579988,17.346611,15.579749,-71.220782,23.392040,18.832184,-69.573559,49.787942,24.846045
compact,0.62832,8,-45.000000,5.608117,4.048723,-60.562618,7.585301,6.534775,-45.000000,9.736203,8.330476,-60.189563,11.978334,9.808016,-72.966908,14.149823,11.718912,-66.881301,17.023992,13.562293,-63.868222,20.423473,16.094800,-71.810129,28.654755,18.929112,-70.962176,57.898607,26.280799
compact,0.62832,9,-78.801201,5.401104,4.512088,-56.309932,7.503845,6.755814,-84.203912,9.615623,8.499306,-69.357645,11.929904,10.274489,-74.642165,14.716659,11.708942,-74.638364,17.331552,13.685766,-70.413848,20.987778,16.351025,-72.732189,29.935767,19.132231,-69.528929,59.988688,27.158437
compact,0.62832,10,-45.000000,5.608117,4.048723,-62.918826,7.676906,6.303315,-49.011792,9.760071,8.190168,-60.189563,11.978334,9.808016,-65.973559,13.861028,11.772916,-61.687802,16.594451,13.526672,-64.045511,20.189355,15.827954,-69.571410,27.617229,18.763105,-67.028964,53.042265,26.345267
compact,0.62832,11,-57.320831,6.603520,4.452025,-62.142098,9.789126,6.332739,-59.694506,12.244622,8.309014,-62.238044,14.415887,10.405997,-62.051195,17.722942,11.924271,-64.592625,20.908806,14.258018,-63.835441,26.039125,16.821158,-68.001495,37.737681,20.328213,-68.440296,74.983668,30.143368
compact,0.62832,12,-45.000000,5.608117,4.048723,-62.918826,7.676906,6.303315,-56.467300,9.660646,8.028057,-66.730316,12.030507,9.442064,-72.785734,13.956888,11.296539,-67.156700,16.569754,13.235341,-68.912289,19.943774,15.582218,-70.380089,27.463052,18.476047,-71.501685,58.422104,24.351079
compact,0.62832,13,-51.525833,5.508319,4.380557,-52.465709,8.058717,6.282304,-52.509180,10.280509,7.909810,-54.664048,12.061840,10.035332,-61.495154,14.406675,11.792729,-60.775098,17.495050,13.419655,-61.131306,20.725021,16.214328,-65.974649,28.938014,19.491071,-69.360573,60.802289,26.866967
compact,0.62832,14,-77.126702,5.250617,4.217249,-83.244244,7.133973,6.258122,-74.810437,9.645563,7.343071,-81.650378,11.051149,9.440941,-80.338408,13.107059,11.242096,-79.488773,15.257729,13.334844,-78.751441,18.768481,15.323248,-76.173463,25.414497,18.459475,-72.461946,53.998217,24.019575
compact,0.62832,15,90.000000,5.437704,4.274870,-60.562618,7.585301,6.534775,-69.183230,9.446423,8.383568,-82.098743,11.768812,9.988299,-77.116289,14.348427,11.450609,-79.733073,17.016107,13.472143,-73.251654,20.155379,16.392678,-73.008556,29.339030,18.727710,-71.743965,58.279083,25.106726
compact,0.62832,16,-63.434949,5.189733,4.033196,90.000000,7.194274,6.020168,-79.314689,9.223645,7.433130,-65.096023,10.780880,9.201796,-64.425065,12.513921,11.093313,-79.019718,14.266468,13.207085,-75.801684,17.386248,15.004812,-68.613315,22.211726,18.133137,-71.013886,47.530855,22.970313
compact,0.62832,17,-63.434949,5.189733,4.033196,-45.000000,7.058200,6.179144,-51.738424,9.031871,7.801028,-65.952971,11.182155,9.087800,-63.007976,13.052234,10.825761,-62.079847,15.052329,12.695192,-60.101009,17.825776,14.997583,-62.655607,22.168660,18.491113,-70.232393,44.639018,24.205210
compact,0.62832,18,90.000000,5.437704,4.274870,-71.565051,7.023769,6.690697,-58.636524,9.482419,8.189923,-86.369624,11.351339,9.987685,-77.283505,13.799633,11.525593,-72.975335,16.094303,13.720940,-68.278181,19.814527,15.947618,-72.753900,28.262156,18.779741,-72.139318,60.629975,24.545139
compact,0.62832,19,-63.434949,5.189733,4.033196,-83.244244,7.133973,6.258122,-74.810437,9.645563,7.343071,-72.058931,11.372631,9.137985,-74.335654,13.029424,11.136239,-71.814881,15.456028,12.991208,-71.804556,18.416298,15.430802,-73.620243,24.599619,18.847637,-73.925171,57.851439,23.457691
compact,0.62832,20,-63.434949,5.189733,4.033196,-56.565710,7.048371,6.354379,-74.810437,9.645563,7.343071,-65.952971,11.182155,9.087800,-64.297633,13.282702,10.825400,-68.342342,15.117403,12.968038,-65.033624,18.028766,15.272183,-65.108603,23.756529,18.226829,-69.249150,48.869396,23.074792
compact,0.62832,21,-45.000000,5.608117,4.048723,-62.918826,7.676906,6.303315,-56.467300,9.660646,8.028057,-68.911980,12.039220,9.320584,-72.785734,13.956888,11.296539,-67.004953,16.617663,13.113117,-71.643526,19.995182,15.284662,-67.721368,25.668853,18.909264,-68.145493,51.979968,25.103669
compact,0.62832,22,0.000000,5.219013,5.219013,-67.045310,8.749417,6.698502,-71.310255,10.915697,8.747032,-62.638688,13.329266,10.491023,-65.634341,15.888666,12.572760,-66.464985,19.741286,14.174979,-69.312229,24.354726,16.860616,-68.917584,33.781502,20.780964,-69.549643,67.713876,29.786180
compact,0.62832,23,-45.000000,5.608117,4.048723,-62.918826,7.676906,6.303315,-52.250083,9.797846,8.035578,-69.949546,12.113894,9.712766,-72.922287,14.442808,11.200363,-69.681284,17.144886,12.911544,-67.343113,20.225041,15.505039,-68.925939,26.627610,18.483989,-68.920154,53.860069,25.373860
compact,0.62832,24,-63.434949,5.474022,4.641536,-60.592487,8.584390,6.246894,-68.760414,10.931024,8.203373,-69.183230,13.093461,9.947397,-67.413971,15.563862,11.634211,-66.770275,18.253293,13.689107,-68.082112,22.123490,16.008272,-69.606188,29.520565,19.650287,-70.759763,62.068663,27.563675
compact,0.62832,25,-63.434949,5.474022,4.641536,-45.000000,7.936742,6.652831,-63.829387,10.913985,7.975669,-68.679583,12.726860,10.044687,-67.500000,15.243005,11.716719,-68.021988,17.886877,13.760877,-67.323163,21.739188,16.054658,-72.290819,29.307444,19.105499,-70.932741,59.537840,26.960937
compact,0.62832,26,-63.434949,5.474022,4.641536,-45.000000,7.936742,6.652831,-55.128231,10.527814,8.250491,-59.419314,12.659450,10.097552,-59.350045,15.217277,11.730505,-59.696814,18.191564,13.717304,-64.007195,22.449837,16.106978,-68.339711,31.752000,19.584513,-69.411946,64.714049,27.077718
compact,0.62832,27,-45.000000,5.608117,4.048723,-60.562618,7.585301,6.534775,-49.011792,9.760071,8.190168,-60.189563,11.978334,9.808016,-72.966908,14.149823,11.718912,-70.506268,17.014557,13.493988,-65.270844,20.593224,15.978652,-72.617895,29.093579,18.909032,-70.390313,62.657653,25.507185
compact,0.62832,28,-45.000000,5.608117,4.048723,-65.697369,7.396504,6.378620,-61.367613,9.543430,7.999775,-71.244346,11.902536,9.315983,-68.397503,13.834439,11.212549,-64.973087,16.421597,13.026605,-70.506442,19.604828,15.344080,-67.718228,26.219251,18.509319,-69.853408,54.490858,24.280139
compact,0.62832,29,-77.126702,5.250617,4.217249,-71.565051,7.120728,6.446852,-70.504503,9.518765,7.763395,-78.229980,11.399300,9.352519,-80.338408,13.107059,11.242096,-75.669848,15.605870,13.026493,-77.589884,18.710618,15.308229,-74.051019,24.397788,18.761590,-70.200345,53.518139,24.224252
compact,0.62832,30,-45.000000,5.608117,4.048723,0.000000,6.930803,6.930803,-49.142269,9.575747,8.358004,-62.986194,11.477203,10.236534,-64.103361,13.788414,12.095166,-62.399730,16.795954,13.747049,-62.358505,20.261156,16.343729,-70.777674,28.757665,18.888530,-71.627609,57.079249,25.397497
compact,0.62832,31,-45.000000,5.608117,4.048723,-60.562618,7.585301,6.534775,-52.250083,9.797846,8.035578,-62.402796,12.001008,9.684683,-72.914196,13.842545,11.682193,-67.375264,16.541645,13.584469,-65.970925,19.924058,15.843306,-68.593922,26.914314,18.985040,-67.405386,55.330742,26.127630
compact,0.62832,32,-45.000000,5.608117,4.048723,-65.697369,7.396504,6.378620,-61.367613,9.543430,7.999775,-65.118179,12.081116,9.046697,-67.099465,13.868403,11.094977,-67.750558,16.231190,13.014328,-70.314338,19.686845,15.278866,-69.923902,26.061244,18.574975,-70.266825,55.595142,23.824194
compact,0.62832,33,-52.588863,5.363247,4.073051,-71.565051,7.120728,6.446852,-70.504503,9.518765,7.763395,-78.229980,11.399300,9.352519,-71.147878,13.379310,11.030781,-71.814881,15.456028,12.991208,-70.200948,18.469232,15.248208,-68.270935,24.147596,17.849337,-68.005752,45.208266,24.046917
compact,0.62832,34,90.000000,5.437704,4.274870,-62.918826,7.676906,6.303315,-66.972972,9.567181,8.139215,-76.581918,12.043918,9.424293,-72.785734,13.956888,11.296539,-71.756037,16.860348,12.905267,-71.643526,19.995182,15.284662,-72.045342,26.026603,18.600799,-72.500353,51.387928,23.712774
compact,0.62832,35,-63.434949,5.341660,4.932883,-61.845034,8.238937,6.812818,-65.347766,10.388115,8.842531,-69.936948,12.875051,10.486486,-66.885812,15.293972,12.489297,-68.724328,18.565206,14.675513,-71.708497,23.970327,17.068298,-72.538114,36.116207,19.953425,-69.581367,70.081400,29.236918
compact,0.62832,36,-63.434949,5.189733,4.033196,-71.565051,7.120728,6.446852,-60.839533,9.328513,8.066451,-83.994261,11.356780,9.633073,-81.449354,13.149526,11.510394,-72.821034,15.614068,13.356695,-71.291128,18.612555,16.042833,-70.427162,25.150016,19.384263,-68.509215,55.545808,26.673666
compact,0.62832,37,-63.434949,5.474022,4.641536,-45.000000,7.936742,6.652831,-59.520230,9.771597,8.972615,-70.883087,12.626951,10.305197,-64.028427,15.226792,11.965372,-66.902527,18.000655,14.078579,-67.058062,22.270839,16.465372,-68.178155,31.291876,19.834674,-68.725652,66.219320,27.914225
compact,0.62832,38,-45.000000,5.608117,4.048723,-62.918826,7.676906,6.303315,-56.467300,9.660646,8.028057,-68.911980,12.039220,9.320584,-66.462214,13.827044,11.320824,-64.973087,16.421597,13.026605,-65.300647,19.520564,15.544489,-66.423018,25.726785,18.763451,-68.051898,53.677675,25.291332
compact,0.62832,39,90.000000,5.437704,4.274870,-62.918826,7.676906,6.303315,-61.367613,9.543430,7.999775,-71.482019,12.092386,9.391439,-72.785734,13.956888,11.296539,-70.398713,16.542023,13.175821,-70.928347,19.986698,15.357290,-72.903343,26.106578,18.638159,-72.026209,53.140886,25.100153
compact,0.62832,40,-63.434949,5.474022,4.641536,-64.946329,8.492758,6.758103,-71.836587,10.701296,8.804476,-74.398056,13.093574,10.500144,-70.789255,15.719894,12.313856,-70.624186,18.850089,14.454005,-74.677452,23.572483,16.961569,-72.155185,34.764324,20.362979,-69.166696,70.236877,28.886398
compact,0.62832,41,-63.434949,5.341660,4.932883,-57.557417,8.406521,6.661019,-57.579651,10.391387,8.611852,-70.515081,12.932929,10.346974,-61.584943,15.509283,12.142279,-64.773555,18.205378,14.469747,-68.060859,22.944340,16.833402,-69.045147,33.751184,19.890282,-69.317512,66.259321,28.768242
compact,0.62832,42,-45.000000,5.608117,4.048723,-62.918826,7.676906,6.303315,-52.250083,9.797846,8.035578,-64.359996,12.030629,9.554002,-74.754521,13.865789,11.564366,-69.162223,16.946019,13.161019,-66.138786,19.885055,15.941693,-71.114153,27.854467,18.715421,-71.129081,60.068641,24.225447
compact,0.62832,43,-77.126702,5.250617,4.217249,-71.565051,7.120728,6.446852,-70.504503,9.518765,7.763395,-83.994261,11.356780,9.633073,-78.236468,13.257600,11.517404,-77.306047,15.660906,13.488366,-81.424181,19.167579,15.846193,-74.769514,26.119828,19.326272,-69.962813,59.290949,26.114304
compact,0.62832,44,-63.434949,5.189733,4.033196,90.000000,7.194274,6.020168,-77.369984,9.149513,7.662711,-73.336855,10.995515,9.247279,-77.115336,12.539566,11.374969,-69.978999,14.806611,13.156007,-73.112752,17.642546,15.516657,-73.227605,23.203126,18.804756,-70.393895,46.545746,24.876793
compact,0.62832,45,90.000000,5.437704,4.274870,-65.697369,7.396504,6.378620,-80.782526,9.684342,7.931840,-87.076414,11.611398,9.512397,-78.570576,13.669726,11.249678,-75.262765,15.764183,13.489893,-78.335802,19.531494,15.310989,-76.942004,25.910326,18.299058,-73.773551,51.847271,24.269746
compact,0.62832,46,-63.434949,5.189733,4.033196,-71.565051,7.120728,6.446852,-70.504503,9.518765,7.763395,-78.229980,11.399300,9.352519,-72.976694,13.355873,11.140527,-67.781404,15.579973,13.049746,-71.010464,18.637876,15.391945,-69.286769,24.405384,18.813315,-68.461404,54.411211,25.079086
compact,0.62832,47,-63.434949,5.474022,4.641536,-45.000000,7.936742,6.652831,-63.434949,9.545909,9.031730,-57.142913,11.933899,10.646108,-65.532609,14.567140,12.268767,-69.913739,17.364893,14.366591,-69.895593,21.778767,16.841650,-71.215331,31.738327,20.334303,-68.723401,64.321633,29.912486
compact,0.62832,48,-63.434949,5.189733,4.033196,-83.244244,7.133973,6.258122,-74.810437,9.645563,7.343071,-73.336855,10.995515,9.247279,-72.638300,13.091597,10.984624,-72.740436,15.217529,12.951518,-73.296088,17.948438,15.463483,-76.560279,24.116044,18.143557,-73.871981,51.618330,23.278475
compact,0.62832,49,-52.018122,6.240837,4.483254,-73.194471,9.019848,6.916414,-70.802418,11.507455,8.811217,-66.149685,14.022676,10.702525,-69.225123,16.956906,12.464847,-69.961965,20.247040,14.903659,-70.224613,26.223829,17.210169,-70.146528,38.740847,20.880990,-69.750124,78.090732,29.842218
compact,0.62832,50,-45.000000,5.608117,4.048723,-65.697369,7.396504,6.378620,-61.367613,9.543430,7.999775,-66.921152,12.056610,9.187684,-65.930799,13.905541,10.973998,-62.060196,16.349946,12.924976,-70.549438,19.396081,15.244041,-65.982752,24.952853,18.599143,-66.831037,51.311993,24.177366
compact,0.62832,51,-51.525833,5.508319,4.380557,-56.950425,7.855913,6.305127,-52.250083,9.797846,8.035578,-52.018122,12.228646,9.567887,-54.336292,14.058359,11.693176,-54.518258,16.594257,13.735273,-60.358585,20.305998,16.040995,-62.298785,27.879640,19.665106,-69.432558,58.147439,27.020763
compact,0.62832,52,-77.126702,5.250617,4.217249,90.000000,7.194274,6.020168,-74.810437,9.645563,7.343071,-72.058931,11.372631,9.137985,-75.409597,13.120558,11.054368,-72.822832,15.168706,13.069897,-74.880225,17.709561,15.521807,-79.769488,23.576309,17.801928,-74.702871,43.214998,24.193764
compact,0.62832,53,-45.000000,5.608117,4.048723,-56.950425,7.855913,6.305127,-52.250083,9.797846,8.035578,-57.402215,12.191431,9.518850,-61.893637,13.938091,11.617192,-63.341175,16.945187,13.244359,-64.857935,20.484252,15.617478,-67.989842,28.159010,18.611874,-68.543881,58.871352,23.900689
compact,0.62832,54,-77.126702,5.250617,4.217249,-71.565051,7.023769,6.690697,-61.367613,9.543430,7.999775,-81.917750,11.232875,9.987670,-77.399438,13.572487,11.633241,-68.184323,15.750048,14.164872,-68.458122,19.419857,16.780899,-72.231435,31.569384,18.842736,-70.841617,65.944670,25.250851
compact,0.62832,55,90.000000,5.437704,4.274870,0.000000,6.930803,6.930803,-54.720017,9.431567,8.368995,-80.021370,11.264581,10.292756,-70.843455,13.824770,11.794128,-60.563807,16.245937,14.128259,-70.730259,19.861567,16.908679,-70.637750,31.718615,19.366939,-70.658577,65.283476,25.945808
compact,0.62832,56,90.000000,5.437704,4.274870,-56.309932,7.220572,6.841565,-54.720017,9.431567,8.368995,-85.692176,11.378303,10.295246,-67.274431,13.759217,12.031686,-57.572393,16.197292,14.315487,-66.308627,20.218556,16.776592,-68.955061,30.740673,19.301142,-69.416964,59.195713,27.661314
compact,0.62832,57,-51.525833,5.508319,4.380557,-49.084710,7.712427,6.712312,-47.701896,10.201020,8.213854,-60.895274,12.075269,10.245868,-62.075425,14.563158,12.007702,-64.302801,17.500862,13.987620,-68.928257,21.639095,16.472212,-70.933979,32.508650,19.191409,-69.533448,67.919695,25.761371
compact,0.62832,58,-63.434949,5.474022,4.641536,-45.000000,7.936742,6.652831,-66.218894,10.916782,8.095615,-65.805067,12.842765,9.961174,-67.413971,15.563862,11.634211,-63.613634,18.221662,14.041884,-66.861865,22.693323,16.500923,-68.827642,34.176215,19.050464,-69.643865,68.342311,26.733995
compact,0.62832,59,-78.801201,5.401104,4.512088,-74.452950,8.509433,6.203726,-78.875488,10.553839,8.035885,-79.940183,12.801609,9.561227,-75.076050,15.086669,11.314659,-77.845444,17.578590,13.463679,-76.122064,21.490697,15.729142,-74.668289,29.408290,19.079417,-69.436693,61.614200,25.500524
compact,0.62832,60,-45.000000,5.608117,4.048723,-62.918826,7.676906,6.303315,-52.250083,9.797846,8.035578,-74.034659,12.156437,9.450644,-72.785734,13.956888,11.296539,-68.984405,16.857988,12.912145,-71.533014,20.036324,15.189095,-69.809483,25.857756,18.423531,-70.529663,51.375388,24.120487
compact,0.62832,61,-63.434949,5.341660,4.932883,-61.845034,8.238937,6.812818,-65.347766,10.388115,8.842531,-69.936948,12.875051,10.486486,-64.522468,15.487893,12.247151,-66.047472,18.084276,14.768024,-71.816625,23.386820,17.121386,-70.937775,34.948978,20.437727,-68.204647,71.429103,29.897172
compact,0.62832,62,-51.525833,5.508319,4.380557,-49.084710,7.712427,6.712312,-45.000000,9.587385,8.727205,-59.717908,11.972680,10.521733,-65.532609,14.567140,12.268767,-69.913739,17.364893,14.366591,-69.022126,21.899453,16.807909,-70.541686,32.093607,19.949347,-70.761369,63.260157,28.105817
compact,0.62832,63,-45.000000,5.608117,4.048723,-60.562618,7.585301,6.534775,-52.250083,9.797846,8.035578,-60.189563,11.978334,9.808016,-70.843455,13.824770,11.794128,-64.273769,16.568856,13.713930,-65.214440,20.072127,15.995004,-70.962334,27.119826,19.001517,-69.864384,51.203165,27.537555
compact,0.62832,64,-51.525833,5.508319,4.380557,-49.084710,7.712427,6.712312,-47.248963,9.819759,8.666998,-61.773054,12.016957,10.391889,-59.104237,14.575272,11.992994,-63.668566,17.241195,14.056968,-65.364849,20.992981,16.690042,-65.968958,29.344606,20.182250,-67.323629,60.602902,28.542521
compact,0.62832,65,-63.434949,5.474022,4.641536,-52.350722,8.156724,6.674711,-61.153667,10.497259,8.536979,-70.954977,12.810231,10.255232,-62.460809,15.280859,11.999466,-64.596637,18.231108,14.101439,-68.036203,22.550461,16.483640,-70.652446,31.863589,19.749832,-70.487697,66.802667,27.552960
compact,0.62832,66,-51.525833,5.508319,4.380557,-62.918826,7.676906,6.303315,-52.509180,10.280509,7.909810,-60.189563,11.978334,9.808016,-65.269576,13.868754,11.946859,-62.318975,16.829607,13.565967,-61.928272,20.387960,15.925680,-67.301346,27.948769,19.141480,-67.515897,58.335209,25.809241
compact,0.62832,67,90.000000,5.437704,4.274870,-65.697369,7.396504,6.378620,-61.367613,9.543430,7.999775,-87.076414,11.611398,9.512397,-80.126582,13.522966,11.276409,-75.027408,15.634065,13.426114,-77.328294,19.268228,15.319664,-75.526155,25.099070,18.670098,-70.482741,53.240528,25.326307
compact,0.62832,68,-63.434949,5.474022,4.641536,-45.000000,7.936742,6.652831,-63.674675,10.630137,8.206004,-68.679583,12.726860,10.044687,-67.500000,15.243005,11.716719,-63.683864,17.901777,13.809822,-67.417627,21.679063,16.266841,-69.684703,29.819371,19.657832,-69.818907,60.129952,27.658000
compact,0.62832,69,-63.434949,5.341660,4.932883,-57.557417,8.406521,6.661019,-61.153667,10.497259,8.536979,-65.440905,12.770218,10.393045,-61.584943,15.509283,12.142279,-62.925975,18.156616,14.501602,-64.729398,22.979562,16.980891,-68.581477,34.329939,19.891309,-68.494067,65.541768,28.981532
compact,0.62832,70,-63.434949,5.189733,4.033196,90.000000,7.194274,6.020168,-79.314689,9.223645,7.433130,-65.096023,10.780880,9.201796,-64.978774,13.010403,10.560631,-68.722390,15.132611,12.388254,-66.842623,17.711728,14.514572,-70.429576,22.026229,17.312478,-72.179331,41.945436,21.935251
compact,0.62832,71,-52.588863,5.363247,4.073051,-65.697369,7.396504,6.378620,-67.837018,9.622463,7.671168,-65.794631,11.882906,9.095024,-62.710350,13.922575,10.769117,-66.482113,15.709069,13.028956,-62.894487,18.801268,15.224319,-63.922506,23.857230,18.252645,-66.262842,45.608203,25.350830
compact,0.62832,72,-63.434949,5.189733,4.033196,-71.565051,6.837594,6.035736,-84.832398,8.671693,7.823936,-58.756001,10.444727,9.273673,-45.000000,12.068182,11.054821,-45.000000,13.740245,13.132170,-62.591324,16.911564,14.899858,-57.860747,20.885490,18.389612,-67.832640,40.513543,24.389091
compact,0.62832,73,-63.434949,5.189733,4.033196,-83.244244,7.133973,6.258122,-72.115548,9.300151,7.823981,-69.198812,11.361293,9.284866,-69.925558,13.297391,11.104365,-67.867852,15.438741,13.090584,-61.637444,18.303428,15.745408,-65.634449,24.918731,19.057822,-66.625435,54.602455,24.914017
compact,0.62832,74,90.000000,5.437704,4.274870,-62.918826,7.676906,6.303315,-66.972972,9.567181,8.139215,-81.305011,11.913896,9.522295,-73.702307,13.910300,11.431676,-72.958527,16.414582,13.364441,-73.984920,20.052310,15.514613,-74.166948,26.413048,19.119474,-71.831813,55.780309,24.915833
compact,0.62832,75,-52.588863,5.363247,4.073051,-65.697369,7.396504,6.378620,-64.958220,9.576632,7.842154,-65.118179,12.081116,9.046697,-64.267890,13.911427,10.874389,-64.640464,16.140500,12.929872,-67.636093,19.691711,14.878376,-66.398488,25.477683,17.916308,-70.137475,51.644585,22.530676
compact,0.62832,76,90.000000,5.437704,4.274870,-62.918826,7.676906,6.303315,-61.367613,9.543430,7.999775,-86.864461,11.502531,9.969561,-74.754521,13.865789,11.564366,-70.237320,16.044602,13.923189,-69.648693,19.792566,16.358993,-73.641766,29.355300,19.151334,-69.733934,63.224953,25.758917
compact,0.62832,77,-63.434949,5.474022,4.641536,-60.592487,8.584390,6.246894,-63.829387,10.913985,7.975669,-72.759344,13.181068,9.586355,-67.803668,15.687327,11.289017,-68.641656,18.213472,13.586543,-68.774815,22.176973,15.966689,-72.062751,32.068874,18.459418,-70.515778,60.343591,25.041828
compact,0.62832,78,-63.434949,5.341660,4.932883,-57.557417,8.406521,6.661019,-61.845034,10.775231,8.323803,-65.209661,13.229223,10.037017,-61.584943,15.509283,12.142279,-62.896259,18.569128,14.261839,-66.598101,23.591007,16.478119,-68.688141,34.235124,19.646460,-68.590791,68.505001,28.608534
compact,0.62832,79,-45.000000,5.608117,4.048723,-62.918826,7.676906,6.303315,-52.250083,9.797846,8.035578,-54.329774,12.140244,9.546464,-59.480028,13.911062,11.543180,-54.447580,16.433603,13.712329,-57.391662,20.717877,15.609788,-63.327455,28.571768,18.889267,-66.819609,58.692517,25.630164
compact,0.62832,80,-63.434949,5.341660,4.932883,-62.745730,8.566046,6.692807,-67.500000,10.784268,8.541533,-66.564128,13.117724,10.300327,-64.671892,15.637612,12.206730,-68.507661,18.866522,14.243555,-68.347652,23.950024,16.481084,-71.677957,34.803721,20.329101,-69.668472,71.174186,28.482181
compact,0.62832,81,-52.588863,5.363247,4.073051,-71.565051,7.120728,6.446852,-59.990820,9.111653,8.134541,-64.037888,11.292677,9.603438,-76.482973,13.295997,11.383008,-64.177361,15.478881,13.491319,-53.966433,18.359492,16.298470,-69.848964,25.788762,19.526664,-68.606854,51.774851,28.045493
compact,0.62832,82,-63.434949,5.189733,4.033196,-71.565051,7.023769,6.690697,-70.504503,9.518765,7.763395,-70.063542,11.303453,9.819671,-69.486248,13.512789,11.300506,-68.815422,15.992289,13.298553,-69.308667,19.419434,15.618862,-69.945621,26.332496,18.795656,-70.378018,53.062564,25.241702
compact,0.62832,83,-63.434949,5.474022,4.641536,-67.872030,8.945003,6.284170,-68.645305,11.367868,8.089391,-69.367782,13.144630,10.189442,-65.841724,15.725299,11.979887,-67.781916,18.582376,14.124050,-69.721718,23.179609,16.366139,-67.888599,33.077260,19.651795,-67.808003,66.564490,27.310011
compact,0.62832,84,-63.434949,5.189733,4.033196,-71.565051,7.120728,6.446852,-70.504503,9.518765,7.763395,-78.229980,11.399300,9.352519,-77.509518,13.218615,11.247525,-76.781256,15.296585,13.388378,-73.802377,18.740462,15.362131,-73.583880,24.187172,18.985364,-69.887844,50.009345,25.798066
compact,0.62832,85,-51.525833,5.508319,4.380557,-52.465709,8.058717,6.282304,-47.701896,10.201020,8.213854,-60.895274,12.075269,10.245868,-64.336221,14.272842,12.068661,-70.477054,17.459682,13.585733,-67.295538,21.518858,15.738840,-70.447990,27.879141,19.828300,-71.593786,59.361698,27.213098
compact,0.62832,86,-45.000000,5.608117,4.048723,-56.950425,7.855913,6.305127,-52.250083,9.797846,8.035578,-62.402796,12.001008,9.684683,-66.829052,13.944050,11.610039,-61.687802,16.594451,13.526672,-64.005529,20.002533,15.905187,-68.042949,27.202478,19.164119,-70.276846,55.410546,26.277800
compact,0.62832,87,-77.126702,5.250617,4.217249,-71.565051,7.023769,6.690697,-61.367613,9.543430,7.999775,-87.076414,11.611398,9.512397,-77.238288,13.818619,11.220260,-75.106983,15.860799,13.579644,-75.020722,19.871149,15.456837,-75.233887,27.847440,18.169204,-71.558355,56.118223,24.342176
compact,0.62832,88,-45.000000,5.622662,5.104959,-65.927521,9.323691,6.561601,-68.248807,11.410428,8.781707,-64.507209,14.199136,10.472889,-67.045310,16.868698,12.383576,-66.782379,20.699509,14.403728,-67.200727,25.948687,17.104385,-69.065573,38.296583,20.289946,-69.145561,74.935732,29.583563
compact,0.62832,89,-63.434949,5.474022,4.641536,-62.745730,8.566046,6.692807,-69.496760,10.739178,8.676472,-67.415331,12.938230,10.528205,-65.735172,15.613484,12.308397,-69.032056,18.650894,14.471591,-69.986429,23.827017,16.677991,-72.001891,34.093255,20.262387,-70.144176,69.317817,28.868369
compact,0.62832,90,-45.000000,5.608117,4.048723,-52.465709,8.058717,6.282304,-50.302903,10.236207,8.066618,-57.234630,12.125090,9.992581,-66.388019,14.487250,11.820898,-62.038598,17.339090,13.676215,-64.596751,21.345867,16.047231,-69.197199,30.282272,18.938486,-69.174170,58.809745,27.759718
compact,0.62832,91,90.000000,5.437704,4.274870,-62.918826,7.676906,6.303315,-61.367613,9.543430,7.999775,-79.314689,11.941921,9.386328,-77.238288,13.818619,11.220260,-69.481589,16.492858,12.965854,-73.305919,19.548068,15.305533,-70.808231,24.736139,18.876266,-69.242142,48.545639,24.936300
compact,0.62832,92,-45.000000,5.608117,4.048723,-52.465709,8.058717,6.282304,-58.282526,10.644184,7.915827,-63.695867,13.061799,9.307480,-69.851028,15.446916,10.885872,-66.505657,18.051316,12.767120,-64.504433,21.016774,15.355867,-68.841560,27.119045,18.522737,-69.736974,56.865273,24.906001
compact,0.62832,93,-77.126702,5.250617,4.217249,-69.459802,7.646677,6.188195,-67.837018,9.622463,7.671168,-73.843761,11.774517,9.301695,-69.774021,13.714739,10.945473,-71.717432,15.703533,13.109804,-74.847393,19.250392,15.084523,-71.636668,24.866339,18.315529,-71.285139,52.606226,22.667025
compact,0.62832,94,-63.434949,4.758094,4.163332,-85.774906,7.208477,5.427714,-82.764853,8.649152,7.341639,-78.708443,10.001561,9.291720,-55.127065,11.883032,10.798787,-64.202044,13.668154,12.757505,-61.351154,16.063341,14.907717,-70.182815,20.253884,17.500467,-74.758532,41.324493,22.788910
compact,0.62832,95,-45.000000,5.608117,4.048723,-62.918826,7.676906,6.303315,-61.367613,9.543430,7.999775,-58.385723,12.162162,9.320428,-66.462214,13.827044,11.320824,-56.370471,16.434053,13.175077,-60.622480,19.742444,15.493516,-62.160679,26.411399,18.712257,-65.194816,53.866948,23.934983
compact,0.62832,96,-63.434949,5.474022,4.641536,-61.845034,8.238937,6.812818,-75.858462,10.198341,8.883790,-69.735293,12.694119,10.535905,-70.789255,15.620727,12.079937,-71.056938,18.584469,14.396371,-71.086778,23.865174,16.598844,-71.410025,34.556208,19.434675,-69.282978,67.385659,27.780578
compact,0.62832,97,-63.434949,5.474022,4.641536,-45.000000,7.936742,6.652831,-63.434949,9.545909,9.031730,-64.324625,12.181500,10.365355,-68.305150,14.958404,11.943777,-69.176326,17.677323,14.120523,-66.929623,22.002857,16.499019,-69.019834,31.629340,19.587287,-71.362596,66.358909,27.335755
compact,0.62832,98,-63.434949,5.474022,4.641536,-60.592487,8.584390,6.246894,-63.829387,10.913985,7.975669,-61.768023,12.807424,9.795721,-62.801039,15.349546,11.554640,-61.732690,18.469308,13.237324,-65.553354,22.069680,15.685856,-66.347403,30.031119,18.890590,-68.137548,60.257142,25.299846
compact,0.62832,99,-51.525833,5.508319,4.380557,-56.950425,7.855913,6.305127,-45.000000,9.736203,8.330476,-57.295596,12.046704,9.847184,-60.574290,13.934106,11.891450,-58.328695,16.915980,13.712407,-60.942512,20.538760,16.116604,-64.010123,28.867558,19.184303,-68.856045,60.286907,25.581126
compact,0.62832,100,-52.588863,5.363247,4.073051,-71.565051,7.120728,6.446852,-70.504503,9.518765,7.763395,-78.229980,11.399300,9.352519,-75.014253,13.338010,11.244526,-65.330867,15.839936,13.005938,-71.690410,18.926847,15.356001,-68.003498,24.769687,18.736827,-70.423495,51.243916,23.860804
