fibro_typename,seed,orientation_10,major_axis_10,minor_axis_10,orientation_20,major_axis_20,minor_axis_20,orientation_30,major_axis_30,minor_axis_30,orientation_40,major_axis_40,minor_axis_40,orientation_50,major_axis_50,minor_axis_50,orientation_60,major_axis_60,minor_axis_60,orientation_70,major_axis_70,minor_axis_70,orientation_80,major_axis_80,minor_axis_80,orientation_90,major_axis_90,minor_axis_90
patchy,1,-35.260562,17.144119,5.318089,-35.543134,23.376083,8.458467,-34.984570,28.271348,11.928396,-33.917361,36.005441,14.927885,-33.047827,47.257378,18.148255,-32.572372,63.279733,22.450064,-33.644483,88.666577,29.606765,-34.387734,131.866625,44.428241,-35.449437,231.128457,84.633700
patchy,2,-37.079617,16.915235,5.285121,-35.934560,22.790480,8.455903,-35.441616,28.396388,11.520403,-34.238406,35.055595,14.822209,-32.491027,46.047052,17.887405,-32.353418,61.950613,21.548380,-33.653155,85.310396,28.569730,-34.513314,134.046468,41.795617,-35.253947,224.712732,83.918294
patchy,3,-39.869313,15.511146,6.277288,-38.361869,23.444089,9.202804,-36.340049,31.102513,11.973555,-35.002782,39.026559,15.091140,-33.362906,50.349852,18.224077,-33.068541,65.511589,22.647402,-34.234782,90.139017,29.974307,-35.755446,138.157151,43.663657,-36.304117,234.118614,84.227719
patchy,4,-34.600595,29.181806,5.195960,-34.736448,31.341093,8.347117,-33.774499,37.169588,11.514241,-33.363220,45.025970,14.691214,-32.949640,55.417937,18.190744,-33.663413,69.125199,23.439310,-34.655185,93.336425,31.760227,-36.230884,141.219686,46.147180,-35.992939,243.188079,89.158623
patchy,5,-34.579317,23.772357,5.155457,-35.212648,27.452773,8.625392,-34.870381,33.263342,11.801933,-33.922954,41.254978,15.057352,-33.950793,53.738079,18.108746,-34.337844,70.357642,22.469223,-36.098027,93.625732,30.261493,-35.818927,138.448119,45.379915,-36.801346,237.498143,87.526689
patchy,6,-35.502919,19.054640,4.757323,-36.049105,23.301613,8.280130,-35.561529,28.985473,11.142999,-35.604256,34.716468,14.472794,-35.431545,44.157384,17.822602,-34.917099,60.470431,21.442100,-35.989938,83.887205,28.241186,-36.232118,127.884662,41.380760,-36.747309,215.215591,83.323947
patchy,7,-35.940800,17.511650,4.987015,-35.175076,22.415850,8.281783,-35.678900,27.597966,11.333988,-35.611378,33.591086,14.763973,-35.349250,44.724114,17.625923,-35.209400,60.075533,21.716600,-36.405910,84.075926,29.044567,-36.347689,131.704644,41.069732,-36.583763,219.729274,82.696974
patchy,8,-34.780815,16.949245,5.516523,-34.215730,23.039504,8.958260,-34.943141,29.137336,12.118001,-35.197893,38.701138,14.577329,-35.149200,50.475038,17.367476,-35.193351,65.014564,21.581080,-35.769751,89.192201,28.460239,-36.187585,134.809235,41.901238,-36.338173,237.368218,80.229648
patchy,9,-36.513687,19.589190,6.194446,-36.947409,28.395977,9.507868,-37.270653,36.990483,12.295154,-36.316524,45.623007,15.456840,-35.316772,55.605392,19.329995,-34.229513,70.181511,24.107921,-34.961464,93.116605,31.437401,-35.947731,137.955558,45.879942,-37.283610,244.715937,86.448637
patchy,10,-39.904249,20.565217,5.724703,-39.928405,28.342538,9.014392,-39.472727,35.854181,12.080250,-38.445157,44.230850,15.378523,-37.951832,55.541286,19.145059,-36.830408,73.785892,23.224513,-36.487062,96.282337,30.972335,-37.100954,137.522371,47.462080,-37.810526,248.517147,87.220916
patchy,11,-39.537777,20.941416,5.282163,-38.286308,25.724568,8.801239,-38.061395,31.271515,12.425597,-37.751982,39.937357,15.553735,-36.854611,53.417578,18.532748,-37.015055,71.371836,22.472447,-36.548483,94.732441,30.566295,-37.408675,137.513196,46.228222,-37.544757,244.721716,86.947530
patchy,12,-37.581546,17.148697,5.865752,-38.814538,24.095111,9.012022,-37.401377,31.681817,11.798167,-37.248434,40.101380,14.739590,-35.741787,52.030552,17.761835,-35.129153,68.688147,21.852019,-35.651969,98.751857,28.182845,-36.422758,141.740005,42.663845,-36.473683,246.727372,82.436675
patchy,13,-39.256887,18.941598,5.606969,-38.006911,25.965443,8.874916,-37.983713,33.128651,11.869683,-37.291969,41.335741,15.012382,-36.267593,53.532479,18.143405,-34.969899,69.970938,22.263200,-34.754533,94.297630,29.356058,-35.710160,138.785468,43.778634,-35.767510,238.342603,84.591155
patchy,14,-32.958587,20.665290,5.684986,-33.993683,27.721728,9.078469,-33.835128,35.340929,12.223584,-34.070234,45.341003,14.986166,-33.779491,58.215385,17.994959,-34.057104,73.491825,22.629291,-34.442737,97.501164,29.696523,-35.394166,140.900152,45.172442,-35.402328,243.010853,87.197862
patchy,15,-31.177012,18.430534,5.692083,-31.973116,24.149176,9.525523,-32.227942,31.501668,12.679439,-33.317408,44.193612,14.438303,-32.512909,56.300422,17.354411,-32.550240,70.043386,22.169055,-33.351494,95.377167,29.244505,-33.860986,140.739022,44.354178,-34.297702,245.711103,83.563233
patchy,16,-33.702035,18.380991,5.636212,-33.661629,23.450571,9.552886,-31.920080,31.176651,12.594641,-31.463032,45.130161,14.061723,-31.132191,56.864380,16.808102,-31.799038,69.837861,21.381264,-33.308802,93.687522,28.397387,-33.602066,137.875218,42.901494,-34.385037,246.514320,81.636779
patchy,17,-35.319278,23.813803,5.275981,-35.132055,27.051938,8.771404,-34.584757,32.892825,12.175121,-33.358685,43.314231,14.637904,-32.557264,56.477157,17.174180,-32.131818,70.422780,21.703838,-33.184572,95.736805,29.130582,-33.142667,142.845375,43.199924,-34.819658,246.959027,84.140356
patchy,18,-34.309508,33.829533,5.979398,-34.915798,33.171703,8.008941,-35.519708,37.379924,10.973495,-35.290790,44.031827,14.183232,-33.827754,55.584621,17.080948,-32.643505,70.468937,21.291009,-33.163711,95.179529,28.011895,-33.719100,138.027133,42.104366,-34.931533,248.813583,80.299650
patchy,19,-30.525945,27.738659,4.797706,-30.689036,31.237821,8.310119,-30.816693,36.588974,11.695458,-30.779116,43.182454,15.324022,-31.228608,55.545662,18.439840,-31.941317,72.544998,22.661897,-33.276975,96.497249,30.021640,-33.980836,142.896962,44.864683,-34.501903,249.277974,85.457259
patchy,20,-30.177889,25.442373,5.162269,-30.884172,30.461751,8.592636,-32.378730,35.754724,12.095306,-32.521382,42.750800,15.784887,-32.789394,54.550062,19.278259,-33.634263,71.219301,23.682374,-34.515923,92.951628,31.881011,-33.528603,136.626569,47.588321,-34.102310,241.400725,90.654461
patchy,21,-31.717474,25.454201,4.784863,-32.562371,28.826883,8.150221,-33.314283,34.210696,11.366556,-33.743781,41.620872,14.442877,-34.753367,51.585487,18.054341,-35.042707,66.942789,22.791707,-35.175960,93.814599,29.653110,-34.251536,136.365151,45.641707,-36.281919,241.057852,87.819246
patchy,22,-36.280852,23.476743,4.782475,-35.638440,27.045125,8.116483,-36.242324,31.992044,11.502459,-35.512064,40.188122,14.425838,-35.485535,52.164495,17.533802,-35.501502,70.848908,21.303813,-36.282695,97.402701,27.944792,-36.251666,137.788092,44.505036,-36.241854,246.025183,84.445391
patchy,23,-36.174938,19.766430,5.123305,-38.012387,24.603805,8.679377,-35.969259,30.641521,12.210587,-34.942755,40.180705,15.372941,-34.560631,56.186731,17.727007,-35.468309,75.205869,21.831994,-35.944591,98.736455,29.701604,-35.442246,142.433313,45.334494,-35.887606,242.453100,86.899323
patchy,24,-34.440823,19.190248,4.925463,-36.858375,24.333056,8.467651,-37.150102,30.854560,11.375533,-36.113888,38.150722,14.816672,-35.723094,51.106180,17.719288,-35.567659,69.837921,21.417950,-35.023279,92.113943,29.375243,-34.599379,134.805974,43.777576,-35.338430,233.890486,84.012260
patchy,25,-37.721648,23.781568,5.105737,-36.806951,29.543920,8.313700,-36.327622,36.309925,11.277565,-36.885804,44.352302,14.204365,-36.792685,54.586059,17.748793,-36.023654,70.237948,22.194066,-35.428326,93.608294,29.960069,-34.625839,133.221493,45.467379,-35.819687,244.191873,84.007972
patchy,26,-38.104567,15.491769,5.983187,-36.989226,22.681627,9.115506,-37.797495,30.394502,11.788437,-36.722101,39.951239,14.206304,-36.135656,51.533305,16.991060,-35.050923,66.447957,20.915784,-34.824791,89.501382,27.128406,-34.965021,128.065821,41.201183,-35.389041,232.607038,78.996606
patchy,27,-30.545408,17.011637,5.910433,-31.404561,23.691558,9.286671,-31.545727,30.952552,12.201531,-31.873423,39.646782,15.103844,-32.620398,51.549796,18.049797,-32.873317,67.473770,22.041394,-32.091648,91.526201,29.057798,-34.121809,132.904076,44.453905,-34.546959,234.171896,84.060846
patchy,28,-28.077330,14.931105,6.199435,-27.776023,20.745186,9.848004,-28.841492,26.534771,13.455057,-30.788695,35.031482,16.654330,-31.804675,48.873222,19.210715,-32.726913,67.040843,22.814482,-33.053784,91.993141,29.267841,-34.124822,134.181395,44.082237,-34.852350,236.636530,83.400188
patchy,29,-26.476629,15.037538,5.924205,-28.268846,20.496681,9.646992,-28.986604,26.577896,13.055155,-29.821389,35.140240,16.421106,-32.201973,49.857820,19.162275,-33.116610,68.317526,23.477724,-33.126801,93.508397,31.314664,-33.768161,140.511387,46.412219,-35.193706,238.696252,88.082547
patchy,30,-29.067333,12.248202,6.807896,-27.983936,18.596225,10.154093,-28.544960,25.807616,13.237273,-30.228404,36.683301,15.694930,-32.313417,51.299086,18.271988,-32.544899,66.575383,22.815687,-33.430919,90.000691,30.504149,-34.130325,132.640938,45.208885,-34.038708,231.452434,85.079408
patchy,31,-26.454466,17.460052,5.526636,-29.191994,23.650047,9.067308,-29.890965,29.968158,12.387649,-31.253941,38.987159,15.324697,-32.591062,51.654334,18.529855,-33.287088,68.430365,22.935391,-33.700617,93.932812,30.339218,-33.668369,138.932770,44.714996,-35.135518,232.687025,85.505081
patchy,32,-30.928068,21.115272,5.006507,-30.392835,27.016391,8.261956,-30.077180,32.499914,11.544754,-30.104480,40.552742,14.576552,-30.405745,52.252865,17.660153,-30.809321,68.696452,21.745901,-31.451660,94.216960,28.755539,-31.798660,136.103813,44.038667,-33.294445,233.191422,85.388422
patchy,33,-32.363769,14.964303,5.881996,-33.458850,22.898565,8.480083,-32.312970,29.041692,11.444834,-32.166999,36.273827,14.515988,-32.120855,48.008594,17.325247,-32.245016,63.093326,21.712960,-32.913782,89.318028,28.228011,-34.061999,130.466450,42.923417,-34.576332,231.088050,82.897758
patchy,34,-30.678875,14.305917,5.818176,-30.205867,21.234244,8.670995,-29.949643,27.614177,11.454293,-30.180239,34.521966,14.616248,-30.877493,44.669622,18.235092,-31.288611,63.311309,22.344032,-32.686529,90.537334,29.445537,-33.568034,130.683867,44.551759,-34.706877,238.926752,82.304064
patchy,35,-33.063195,16.601637,5.803868,-32.829950,23.809260,8.936361,-32.579082,30.420448,11.997070,-32.151001,38.355807,15.392020,-31.933604,51.137594,18.758875,-32.928177,72.607399,22.501524,-33.374992,96.491496,30.655392,-33.931814,135.228065,47.094070,-34.825099,241.573803,86.773409
patchy,36,-33.511528,13.099493,7.015041,-31.233023,20.614612,10.151558,-33.228217,29.066412,12.797500,-32.856860,39.461648,15.485252,-33.086016,54.224811,17.815541,-33.967880,69.735088,22.306299,-34.655100,94.068373,29.602797,-34.411576,134.704196,45.273031,-35.057312,243.405696,83.410014
patchy,37,-29.463535,20.491796,5.364481,-28.900598,25.654864,9.108445,-30.016301,32.562292,12.248649,-30.868689,43.173932,14.642580,-32.222376,55.803791,17.390885,-32.818653,69.591591,22.103545,-33.824980,93.642474,29.298171,-33.508491,133.306992,44.130074,-33.574970,237.063025,84.020183
patchy,38,-29.588034,26.851743,5.095897,-30.137743,31.011223,8.539958,-31.360470,37.814465,11.728634,-31.638681,46.974970,14.766342,-32.647892,59.028769,18.301544,-33.016063,76.412189,23.099051,-34.231352,104.228212,30.148126,-33.916358,146.850985,45.914342,-34.045066,259.438033,86.808972
patchy,39,-28.877850,31.972107,5.650604,-29.059411,33.206661,8.180159,-29.796005,39.518023,11.246435,-31.023229,48.632879,14.235676,-31.649584,60.028391,17.854345,-32.288443,76.912066,22.556495,-33.444333,104.659617,29.361003,-34.279977,142.449741,46.119969,-34.025428,256.068946,85.118087
patchy,40,-30.084409,34.250027,5.930596,-30.712049,36.111332,8.372250,-31.337023,42.766873,11.263606,-32.338743,52.122326,14.122428,-33.090259,62.047232,17.869490,-33.547924,77.272092,22.911087,-33.617976,105.057138,30.111575,-33.576893,147.822472,46.823290,-34.146562,259.783577,87.931550
patchy,41,-29.990129,18.384674,6.020540,-31.014474,26.708448,9.181463,-31.867399,35.707373,11.734788,-32.792750,46.118727,14.193648,-32.715885,58.062825,17.065325,-32.720862,72.739951,21.329493,-32.532808,97.014871,28.347185,-33.189511,138.258396,43.964231,-34.394185,248.790727,83.317405
patchy,42,-32.367777,19.283693,5.323837,-31.755225,24.550823,8.728713,-33.463704,30.751885,11.881528,-34.096376,39.289367,14.707567,-34.033874,52.104250,17.383407,-33.636622,67.434577,21.689007,-34.009030,93.060458,28.506882,-34.264745,134.581503,43.937196,-35.173079,241.055603,82.615349
patchy,43,-30.297311,18.880928,5.451090,-31.013366,25.348617,8.778511,-33.180209,32.253397,11.815124,-33.711102,41.682073,14.410100,-33.208300,53.197691,17.261368,-33.332281,66.346626,21.829343,-33.694828,89.559094,28.124830,-33.420321,126.736302,43.292638,-34.531502,233.902074,80.307247
patchy,44,-34.838806,18.179285,6.138534,-34.502529,26.133883,9.495993,-33.506421,35.091262,12.143401,-33.350374,45.735345,14.745658,-32.683212,57.199087,18.148624,-32.843929,72.920700,22.909781,-33.104976,97.335936,29.872148,-32.906852,136.092200,46.927095,-33.987627,240.874162,87.434425
patchy,45,-34.766433,17.610677,6.208224,-33.552694,25.196906,9.702488,-32.676808,35.033958,12.142576,-30.745669,45.217710,14.821775,-30.689174,57.179232,17.960565,-31.450549,73.774852,21.889580,-32.680990,96.531408,28.492930,-33.113772,135.761032,44.184180,-34.717967,240.986820,85.182037
patchy,46,-33.804874,18.930568,6.132377,-34.088185,26.774306,9.394931,-33.026021,35.045944,12.240682,-32.358835,43.772624,15.300708,-31.725032,54.104511,18.982358,-33.077280,70.667825,23.198591,-33.498704,94.035023,30.412343,-34.445300,132.836425,47.209734,-34.615299,237.567910,87.118012
patchy,47,-30.746731,19.693767,5.620790,-31.136668,25.552151,9.390202,-32.751368,32.678773,12.561307,-32.004200,42.609138,15.163509,-32.389610,54.735835,18.236376,-32.937004,69.838406,22.568737,-33.102873,93.740448,29.627570,-34.093497,133.737068,47.144836,-33.072067,234.865250,88.477992
patchy,48,-29.380169,18.986223,5.464066,-31.139105,23.904368,9.375248,-30.651579,29.887801,12.934437,-32.018977,38.475718,16.351182,-32.289647,53.378119,19.060554,-32.410656,72.296986,23.036006,-32.683122,97.129097,30.319005,-33.261034,135.272415,48.319403,-34.524730,247.166730,90.344834
patchy,49,-30.305494,19.387229,5.070122,-30.155173,24.455248,8.602005,-30.876115,29.870464,12.026218,-30.764038,38.219723,14.890927,-31.747584,48.633370,18.656035,-32.271276,66.213780,22.814211,-32.435298,89.924129,29.957614,-32.908068,128.710472,44.783997,-34.497956,227.840116,86.230191
patchy,50,-28.478112,18.538733,5.282507,-27.425076,23.867537,8.520545,-27.606585,28.881356,11.955250,-28.235410,36.411304,15.100522,-29.474429,47.362770,18.315520,-30.011025,63.084636,22.602514,-30.536821,87.083079,30.047462,-31.602126,132.919167,44.074680,-32.898072,234.838100,84.894075
patchy,51,-35.156791,18.067031,5.619050,-32.666729,24.346555,9.081482,-32.796414,30.629303,12.386410,-31.476001,39.495650,15.407389,-31.780219,53.084528,17.900870,-31.414969,67.249247,22.489367,-32.305115,92.096938,29.607184,-34.435097,136.485510,44.637309,-34.342384,238.506331,85.560825
patchy,52,-31.076211,18.742923,5.947225,-29.942839,25.616241,9.601675,-29.646381,33.661964,12.553619,-29.367883,44.048293,15.131286,-29.099831,55.812697,18.342057,-29.547118,69.778889,23.332587,-30.103257,93.026378,31.464016,-33.311472,136.000175,46.854201,-32.828365,237.326243,88.248669
patchy,53,-28.360234,16.365132,6.506729,-30.235104,24.441389,9.776384,-30.072228,31.549834,13.044943,-29.746413,41.551116,15.863475,-29.373026,53.541374,19.383049,-29.310514,70.797409,23.612982,-30.721095,90.685748,32.659260,-32.120959,133.467926,48.237941,-33.056910,232.390211,91.751608
patchy,54,-27.160647,15.967037,6.248605,-29.798266,22.362262,9.912812,-29.995433,28.597793,13.374093,-29.952566,36.863541,16.910345,-30.044580,51.378861,19.678010,-29.452384,67.162448,24.438090,-30.255782,90.100652,32.592523,-32.827022,131.060961,49.130051,-33.482578,229.332737,91.805536
patchy,55,-34.426953,15.404644,6.166128,-31.756880,21.721513,9.900918,-31.700956,29.023638,13.012517,-31.807805,39.501923,15.648169,-31.930992,52.141284,18.945548,-32.499734,67.774729,24.027583,-32.895246,90.962777,32.256712,-34.487136,132.711621,48.302152,-34.300788,227.892650,91.616415
patchy,56,-30.307388,15.627714,5.784092,-29.078821,21.596047,9.157316,-30.342904,28.260457,12.084525,-31.208982,36.512286,15.202462,-30.996176,48.442908,18.510353,-31.625398,67.088310,22.576029,-33.104865,89.920909,30.292896,-34.707418,133.023970,45.300393,-35.025611,233.870845,86.888102
patchy,57,-31.483141,21.021254,5.498398,-33.554554,25.942958,9.451631,-32.739434,31.818046,13.256606,-32.179544,42.482329,16.166816,-31.533647,56.631412,19.419794,-31.567107,75.379944,23.693932,-32.555510,100.069273,30.991422,-33.655119,141.424131,46.309442,-34.763479,244.283314,89.612660
patchy,58,-34.549703,22.990065,5.364178,-33.619775,27.705822,9.026570,-32.687618,34.642411,12.265280,-31.692235,44.357950,15.111400,-31.314086,57.720381,17.939951,-31.943805,72.890083,22.576109,-33.075466,96.591460,29.994928,-34.367487,140.507035,45.180673,-34.441950,243.938373,85.888850
patchy,59,-33.312169,22.259489,5.050032,-33.887402,26.257756,9.020738,-32.960379,32.215875,12.512955,-32.782189,41.912527,15.361865,-33.499730,55.964147,18.024882,-34.589457,73.842693,21.825428,-34.924784,95.309868,29.145166,-34.466582,140.123184,42.574342,-34.793956,242.917956,83.214531
patchy,60,-33.881845,18.390889,5.569932,-35.510071,25.815054,8.754326,-35.096214,32.171831,12.130119,-35.712603,42.122698,14.815162,-36.353441,53.944462,18.163659,-37.172678,71.047319,22.532593,-37.356771,95.427589,29.948407,-36.507694,139.679642,45.849565,-35.674667,244.700160,86.993989
patchy,61,-35.207087,16.755308,5.681768,-35.702280,22.890782,9.278845,-36.270265,29.825570,12.339604,-37.011459,40.165038,14.953351,-36.464029,52.706323,18.046027,-36.088792,70.639606,22.253945,-35.437019,96.761061,28.848733,-35.469211,136.235851,44.756906,-36.189141,240.023801,85.718736
patchy,62,-36.309751,22.947000,5.317823,-36.046902,27.078805,9.135529,-35.750800,33.694170,12.540070,-35.286664,43.987903,15.405159,-34.570034,58.226259,18.380388,-34.334655,76.414138,22.827724,-34.767399,101.189113,30.246886,-34.509904,139.686114,46.188583,-35.281773,245.847208,87.306939
patchy,63,-37.870673,21.702346,5.165963,-35.508836,26.250744,8.921806,-35.930337,32.159635,12.245230,-35.045975,41.132950,15.252257,-33.973392,53.630939,18.355686,-33.106005,70.217807,22.513692,-32.775464,93.583999,29.904231,-34.528472,137.764667,45.076833,-34.955119,235.844482,86.801254
patchy,64,-35.434593,18.995523,5.248183,-38.012387,24.603805,8.679377,-36.597691,31.032141,11.769792,-35.815053,38.140144,15.147627,-35.567888,49.922292,18.363878,-35.212265,66.303296,22.414321,-34.642503,89.190865,29.468206,-34.352729,132.272425,44.342790,-34.740606,226.996062,87.523356
patchy,65,-35.457406,15.864893,6.139367,-33.973120,24.378628,9.026182,-34.445973,31.047320,12.354362,-33.987107,39.604605,15.729954,-34.593605,54.990649,18.123729,-34.272029,71.768270,22.416191,-35.052193,96.267962,30.079316,-34.901784,144.478178,44.902560,-36.032483,243.261306,86.959323
patchy,66,-32.292789,21.374900,5.561452,-32.267024,27.297819,9.365952,-32.357525,34.303349,12.717950,-32.433353,44.851013,15.625539,-33.881952,58.565772,18.568960,-34.306302,74.010859,23.479506,-35.067392,98.823118,31.368834,-35.243264,141.491522,48.705328,-35.906158,250.068834,88.487086
patchy,67,-30.841555,20.376090,5.538279,-31.761582,27.671953,8.787832,-31.870255,34.722887,11.927937,-33.022128,43.073034,15.118693,-34.050180,55.690711,18.204291,-34.273386,71.955748,22.522065,-34.657958,96.437793,29.589428,-35.653361,135.050447,46.381393,-35.356717,248.003334,85.405958
patchy,68,-34.776856,20.628035,5.558667,-33.884648,27.888080,8.945292,-34.872118,34.856491,12.094684,-35.638337,43.411287,15.397399,-36.831478,55.067251,18.883618,-36.815431,70.445622,24.212978,-37.097795,96.999435,31.869572,-36.110536,141.692585,48.716888,-37.181096,249.755258,90.252238
patchy,69,-36.373674,17.682674,5.694846,-35.424958,25.457602,8.736956,-35.928446,31.814911,11.846203,-35.249772,39.362247,15.104461,-35.221163,52.090122,17.871503,-34.616133,68.016330,21.979140,-35.213140,90.801889,30.079182,-35.639743,135.242262,45.547982,-36.073032,234.435112,87.942754
patchy,70,-34.780251,14.200751,6.390270,-36.572028,22.213418,9.199290,-35.390035,29.577628,12.008582,-34.247939,38.337476,14.900742,-35.138342,51.232885,17.648991,-34.801980,67.417598,21.596702,-34.708102,91.360091,29.221274,-36.519789,134.413902,45.006690,-35.982903,235.720139,86.491823
patchy,71,-36.440137,18.219691,5.611178,-35.950123,25.609883,8.715309,-35.039520,32.759447,11.724273,-33.855384,41.054981,14.742212,-34.326807,53.662980,17.605701,-34.519479,69.457098,21.819941,-34.933399,94.387429,28.422439,-35.603957,135.876337,43.227066,-36.581624,237.470057,83.713883
patchy,72,-35.874211,20.981628,5.227256,-33.981799,25.750602,8.730129,-33.587617,32.043557,11.781282,-33.681927,40.454162,14.651385,-33.764052,52.990384,17.240784,-34.441184,66.782624,21.511738,-34.896077,90.986183,28.209502,-34.704730,130.625291,43.320898,-36.578509,229.754043,83.558573
patchy,73,-35.406367,19.122291,5.179565,-35.715782,23.647235,8.919000,-34.284454,30.014285,12.043874,-34.472320,39.216688,14.805678,-33.684230,52.082748,17.519714,-34.849859,68.364548,21.827296,-35.395879,96.131592,28.095670,-33.912752,137.328931,42.717703,-35.795147,238.622276,83.847690
patchy,74,-29.200909,18.890705,5.533358,-30.260654,24.858310,9.018921,-32.020189,31.622132,12.181669,-32.807073,40.811866,15.039747,-33.446995,53.597697,17.910680,-33.300188,70.671218,21.761284,-33.143515,94.331333,28.679184,-33.787300,136.770650,43.757546,-34.786994,242.142841,84.510332
patchy,75,-27.153440,17.490481,5.628773,-28.885319,23.252756,9.365612,-30.191974,29.717108,12.697464,-31.612738,40.420178,15.298914,-32.489412,55.231982,17.868151,-32.676071,72.873620,21.710567,-33.185510,93.757315,30.017610,-34.230964,137.599680,44.653803,-34.156828,238.006374,86.427493
patchy,76,-30.818632,17.668343,5.913022,-31.174072,24.531298,9.356352,-29.929216,32.487616,12.173960,-31.732121,41.623511,15.058837,-32.686072,53.102943,18.397170,-33.192511,68.704051,22.763317,-33.003390,91.562925,30.346550,-33.594236,133.023109,44.854994,-33.657823,235.541413,85.270484
patchy,77,-31.532493,18.742417,5.487390,-31.565850,24.356280,9.013820,-30.360061,31.128079,12.085707,-31.106016,40.658639,14.754210,-31.719258,52.097536,18.005994,-32.709816,67.657476,22.531326,-32.374989,91.430326,30.255204,-33.245346,136.937580,44.571875,-33.453460,241.697997,82.983471
patchy,78,-29.463535,20.491796,5.364481,-28.623247,26.585439,8.826145,-28.657334,33.437265,12.024044,-30.749645,43.859185,14.615461,-31.224160,56.551677,17.638049,-31.613725,74.043720,21.640013,-32.029434,96.784088,29.510058,-33.152533,140.757427,44.535110,-33.229798,243.965396,84.407107
patchy,79,-29.458439,22.950362,5.555645,-31.525102,27.536133,9.037518,-32.557728,34.049440,12.391161,-33.187652,44.878135,15.061831,-33.197355,58.271123,18.233668,-32.885263,77.852979,21.915633,-32.832987,99.704921,29.947187,-32.603682,143.102508,45.438903,-33.548466,248.126544,88.437145
patchy,80,-36.644286,22.510315,5.328068,-36.526244,27.731010,9.173207,-37.224493,34.482893,12.371456,-36.536122,45.121135,14.749232,-35.652582,55.749134,18.162224,-34.589190,70.905805,22.903600,-34.062644,97.771216,29.696343,-33.270522,144.382932,44.474391,-33.818524,243.843402,88.092224
patchy,81,-33.795829,18.088210,5.602793,-32.809518,24.702942,9.170616,-33.958663,32.387117,12.035612,-33.231408,41.843908,14.780463,-32.568325,53.022286,18.241404,-32.723763,72.328447,21.651629,-33.010207,95.663632,29.235680,-33.655526,137.908905,46.421169,-33.232077,238.527311,88.995036
patchy,82,-31.521929,17.341055,5.943194,-32.272262,24.342883,9.427832,-32.406911,33.514312,11.949604,-31.549670,43.329356,14.807622,-32.119772,55.805852,18.182586,-32.640029,75.460384,21.730181,-32.300121,99.487909,29.281825,-32.289669,140.241238,46.701452,-32.659023,244.460228,87.296657
patchy,83,-29.109542,15.134030,6.266709,-27.739307,22.950806,9.337273,-26.462952,30.225601,12.393486,-27.731088,39.483879,15.501599,-28.973303,53.420709,18.684216,-30.628717,74.470616,22.157470,-30.612989,97.500919,30.487370,-32.422535,137.172496,47.944192,-32.667026,239.812621,89.045059
patchy,84,-26.899285,14.867534,6.378995,-27.193006,21.918519,9.785407,-26.822925,29.042027,12.855926,-27.896371,38.098285,15.876347,-28.778650,50.467601,19.090787,-30.276932,67.873632,23.272351,-29.908478,89.225712,31.635009,-30.501630,133.904047,47.007803,-31.365197,232.635276,89.291958
patchy,85,-28.824405,16.242985,6.100813,-32.082673,22.584790,9.566057,-32.150844,28.660450,12.911716,-32.204933,36.646920,16.106043,-32.525160,49.052868,19.088652,-32.355106,65.830865,23.123377,-31.901644,88.952538,31.189784,-32.553354,132.957665,46.876729,-33.644115,229.715939,88.002070
patchy,86,-31.656908,14.933202,6.518650,-32.943718,22.322254,9.725473,-33.841228,29.469277,12.708455,-34.037492,37.801705,15.790713,-33.766846,49.281839,19.200960,-33.243747,65.514251,23.847476,-32.255047,93.922623,31.152739,-33.120917,135.577705,47.909252,-33.352052,239.100065,88.932246
patchy,87,-35.479865,13.601248,6.461601,-35.016229,20.447513,9.878511,-33.931523,29.280205,12.111716,-34.101655,38.876042,14.648342,-34.596260,50.918331,17.473537,-34.637922,66.613070,21.895097,-34.788522,91.860685,29.023255,-33.576584,134.434939,44.240437,-34.998537,231.831131,85.016671
patchy,88,-31.609325,14.444159,6.106754,-30.504306,20.520890,9.693949,-31.386676,27.542608,12.794265,-32.043476,37.650250,15.336833,-32.146396,51.452236,17.832278,-32.748141,68.802867,21.582208,-32.848583,94.423808,27.792213,-32.684772,133.475225,43.174037,-34.733935,230.257479,84.957166
patchy,89,-34.179204,18.280788,5.434854,-33.231769,23.602579,9.136583,-34.034012,29.452784,12.402045,-34.376575,37.236963,15.654109,-35.969613,49.493618,18.422330,-35.249128,66.553622,21.829871,-35.395361,89.272833,28.012317,-35.755317,128.096494,42.701438,-36.319389,232.970588,81.400674
patchy,90,-40.461406,11.886609,7.425625,-39.312335,20.347203,9.941006,-37.645286,27.890197,12.699796,-37.512139,37.144482,15.206125,-37.381871,48.150922,18.378091,-36.955190,63.422059,22.750280,-36.479421,88.626438,29.107187,-35.380445,128.967144,44.343692,-36.834397,223.589590,85.814178
patchy,91,-37.832282,10.294762,7.456527,-34.461253,17.238642,10.505966,-32.937443,25.965453,12.556451,-33.873340,35.612018,14.821836,-34.429148,46.574461,17.632808,-35.089618,58.906108,22.277584,-35.608701,80.886312,28.375135,-35.022701,120.784801,41.614153,-34.948370,216.590985,81.093527
patchy,92,-25.816257,11.347543,6.302232,-26.555461,16.702776,9.671573,-27.519670,23.022104,12.566484,-26.567631,31.447361,15.323935,-28.155200,45.424951,17.425896,-28.615637,60.946889,21.624156,-29.851202,85.421841,28.390312,-30.874833,126.746507,42.758230,-32.599925,222.638381,81.954326
patchy,93,-26.107131,15.844430,5.411307,-26.601814,21.992918,8.509380,-25.245578,27.133677,11.786101,-25.010386,35.073473,14.735116,-25.211702,47.923771,17.410939,-26.555289,64.545671,21.788019,-27.840966,92.397653,28.702556,-28.983328,132.400715,44.917949,-30.197361,227.354478,85.160070
patchy,94,-28.638350,20.647241,4.992038,-27.923026,25.283117,8.643615,-27.011796,31.215520,11.796748,-27.634527,38.714535,15.159841,-27.693363,50.897503,18.305322,-28.812233,67.803533,22.894551,-29.690602,95.918143,29.590967,-30.853542,137.522364,45.936442,-32.172558,237.977964,87.226815
patchy,95,-28.093556,16.051826,6.070054,-30.333697,23.630213,9.096525,-31.560296,30.653370,12.057800,-30.386204,38.585942,15.293087,-31.352408,49.999376,18.826038,-32.615209,67.786134,23.122065,-33.751227,92.103761,30.842807,-33.505945,129.805511,47.124363,-35.153597,232.004671,88.117200
patchy,96,-33.103067,22.731181,4.956056,-33.547115,27.930669,8.456759,-34.018174,33.410874,11.887836,-34.436155,40.410026,15.553956,-33.835532,52.628315,18.931540,-33.406830,69.343957,23.552542,-33.905004,94.777568,30.757071,-34.855842,137.054598,45.979281,-35.860791,238.420628,88.638166
patchy,97,-34.011649,19.306084,5.340791,-36.099882,26.472895,8.461968,-35.502308,33.390382,11.377942,-36.084970,40.465536,14.669496,-35.965003,51.325387,17.912902,-35.735844,66.619120,22.334942,-35.918180,89.752844,29.965138,-35.729317,133.483031,43.933243,-36.472605,231.012711,87.178041
patchy,98,-39.378518,22.071893,4.811707,-38.175042,28.810560,8.070743,-38.092667,34.728354,11.222166,-37.153720,41.976336,14.490450,-36.761270,53.921119,17.646997,-35.926569,70.573252,22.005515,-35.847642,96.239904,28.501755,-35.517365,135.114251,44.131700,-35.949313,241.321349,85.913160
patchy,99,-38.573416,27.398122,4.979073,-38.585662,30.768082,8.120277,-36.836888,36.890393,11.354216,-36.698837,45.022071,14.611303,-36.010315,58.260031,17.576721,-36.130737,75.453649,21.796306,-36.720781,98.550869,29.834256,-37.138695,143.515310,45.489428,-36.756448,249.475053,88.913939
patchy,100,-38.100605,22.879019,5.435698,-36.497859,28.948251,9.046522,-35.696892,37.616868,11.807034,-35.342579,46.951104,14.757368,-34.981890,59.436887,17.948491,-34.689144,75.417550,22.825498,-34.445852,100.588577,30.674578,-35.442879,141.283799,48.249162,-35.736625,253.074538,89.029819
